generic_name,status,fda_black_box_warning,fda_black_box_warning_source,fda_black_box_warning_verified,dailymed_setid,dailymed_published_date,dailymed_title,dailymed_url,boxed_section_title,boxed_section_code,search_terms,warning_sha256
acetazolamide,no_boxed_warning_in_selected_label,No FDA boxed warning identified in selected current DailyMed label.,"FDA/DailyMed SPL; status=no_boxed_warning_in_selected_label; setid=4dd56001-4941-4ff0-9f30-02a1bcc4fe7e; published=Apr 13, 2026; title=ACETAZOLAMIDE INJECTION, POWDER, LYOPHILIZED, FOR SOLUTION [HERITAGE PHARMACEUTICALS INC. D/B/A AVET PHARMACEUTICALS INC.]; url=https://dailymed.nlm.nih.gov/dailymed/drugInfo.cfm?setid=4dd56001-4941-4ff0-9f30-02a1bcc4fe7e",05-15-2026,4dd56001-4941-4ff0-9f30-02a1bcc4fe7e,"Apr 13, 2026","ACETAZOLAMIDE INJECTION, POWDER, LYOPHILIZED, FOR SOLUTION [HERITAGE PHARMACEUTICALS INC. D/B/A AVET PHARMACEUTICALS INC.]",https://dailymed.nlm.nih.gov/dailymed/drugInfo.cfm?setid=4dd56001-4941-4ff0-9f30-02a1bcc4fe7e,,,acetazolamide; Diamox; Diamox SR,2e4628f652ce3c3f93c3cd1aadb2bba04203f648bc70f0e6d35c5b54d3cd3878
adrenocorticotropic hormone,no_boxed_warning_in_selected_label,No FDA boxed warning identified in selected current DailyMed label.,"FDA/DailyMed SPL; status=no_boxed_warning_in_selected_label; setid=7b48ddec-e815-45f4-9ca0-5c0daaf56f30; published=Dec 08, 2025; title=ACTHAR (REPOSITORY CORTICOTROPIN) INJECTION ACTHAR (REPOSITORY CORTICOTROPIN) INJECTION [MALLINCKRODT ARD LLC]; url=https://dailymed.nlm.nih.gov/dailymed/drugInfo.cfm?setid=7b48ddec-e815-45f4-9ca0-5c0daaf56f30",05-15-2026,7b48ddec-e815-45f4-9ca0-5c0daaf56f30,"Dec 08, 2025",ACTHAR (REPOSITORY CORTICOTROPIN) INJECTION ACTHAR (REPOSITORY CORTICOTROPIN) INJECTION [MALLINCKRODT ARD LLC],https://dailymed.nlm.nih.gov/dailymed/drugInfo.cfm?setid=7b48ddec-e815-45f4-9ca0-5c0daaf56f30,,,acthar; acthar gel; cortrophin gel; corticotropin; adrenocorticotropic hormone; H.P. Acthar Gel,2e4628f652ce3c3f93c3cd1aadb2bba04203f648bc70f0e6d35c5b54d3cd3878
barbexaclone,no_current_fda_label,No current FDA/DailyMed label identified.,FDA/DailyMed search on 05-15-2026: no current label found for terms [barbexaclone; Maliasin].,05-15-2026,,,,,,,barbexaclone; Maliasin,c67d3026093804e38ce3e3a9f8038d1d17b5d1c3efbe1766729ddbf6430e936d
beclamide,no_current_fda_label,No current FDA/DailyMed label identified.,FDA/DailyMed search on 05-15-2026: no current label found for terms [beclamide; Hibicon; Nydrane; Neuractin].,05-15-2026,,,,,,,beclamide; Hibicon; Nydrane; Neuractin,c67d3026093804e38ce3e3a9f8038d1d17b5d1c3efbe1766729ddbf6430e936d
brivaracetam,no_boxed_warning_in_selected_label,No FDA boxed warning identified in selected current DailyMed label.,"FDA/DailyMed SPL; status=no_boxed_warning_in_selected_label; setid=3cf2f439-0e97-443e-8e33-25ecef616f6c; published=May 14, 2026; title=BRIVIACT (BRIVARACETAM) TABLET, FILM COATED BRIVIACT (BRIVARACETAM) SOLUTION BRIVIACT (BRIVARACETAM) INJECTION, SUSPENSION [UCB, INC.]; url=https://dailymed.nlm.nih.gov/dailymed/drugInfo.cfm?setid=3cf2f439-0e97-443e-8e33-25ecef616f6c",05-15-2026,3cf2f439-0e97-443e-8e33-25ecef616f6c,"May 14, 2026","BRIVIACT (BRIVARACETAM) TABLET, FILM COATED BRIVIACT (BRIVARACETAM) SOLUTION BRIVIACT (BRIVARACETAM) INJECTION, SUSPENSION [UCB, INC.]",https://dailymed.nlm.nih.gov/dailymed/drugInfo.cfm?setid=3cf2f439-0e97-443e-8e33-25ecef616f6c,,,briviact; brivaracetam,2e4628f652ce3c3f93c3cd1aadb2bba04203f648bc70f0e6d35c5b54d3cd3878
cannabidiol,no_boxed_warning_in_selected_label,No FDA boxed warning identified in selected current DailyMed label.,"FDA/DailyMed SPL; status=no_boxed_warning_in_selected_label; setid=8bf27097-4870-43fb-94f0-f3d0871d1eec; published=Nov 17, 2025; title=EPIDIOLEX (CANNABIDIOL) SOLUTION [JAZZ PHARMACEUTICALS, INC.]; url=https://dailymed.nlm.nih.gov/dailymed/drugInfo.cfm?setid=8bf27097-4870-43fb-94f0-f3d0871d1eec",05-15-2026,8bf27097-4870-43fb-94f0-f3d0871d1eec,"Nov 17, 2025","EPIDIOLEX (CANNABIDIOL) SOLUTION [JAZZ PHARMACEUTICALS, INC.]",https://dailymed.nlm.nih.gov/dailymed/drugInfo.cfm?setid=8bf27097-4870-43fb-94f0-f3d0871d1eec,,,epidiolex; cannabidiol; Epidyolex,2e4628f652ce3c3f93c3cd1aadb2bba04203f648bc70f0e6d35c5b54d3cd3878
carbamazepine,boxed_warning_found,"WARNINGS SERIOUS DERMATOLOGIC REACTIONS AND HLA-B*1502 ALLELE SERIOUS AND SOMETIMES FATAL DERMATOLOGIC REACTIONS, INCLUDING TOXIC EPIDERMAL NECROLYSIS (TEN) AND STEVENS-JOHNSON SYNDROME (SJS), HAVE BEEN REPORTED DURING TREATMENT WITH TEGRETOL. THESE REACTIONS ARE ESTIMATED TO OCCUR IN 1 TO 6 PER 10,000 NEW USERS IN COUNTRIES WITH MAINLY CAUCASIAN POPULATIONS, BUT THE RISK IN SOME ASIAN COUNTRIES IS ESTIMATED TO BE ABOUT 10 TIMES HIGHER. STUDIES IN PATIENTS OF CHINESE ANCESTRY HAVE FOUND A STRONG ASSOCIATION BETWEEN THE RISK OF DEVELOPING SJS/TEN AND THE PRESENCE OF HLA-B*1502, AN INHERITED ALLELIC VARIANT OF THE HLA-B GENE. HLA-B*1502 IS FOUND ALMOST EXCLUSIVELY IN PATIENTS WITH ANCESTRY ACROSS BROAD AREAS OF ASIA. PATIENTS WITH ANCESTRY IN GENETICALLY AT-RISK POPULATIONS SHOULD BE SCREENED FOR THE PRESENCE OF HLA-B*1502 PRIOR TO INITIATING TREATMENT WITH TEGRETOL. PATIENTS TESTING POSITIVE FOR THE ALLELE SHOULD NOT BE TREATED WITH TEGRETOL UNLESS THE BENEFIT CLEARLY OUTWEIGHS THE RISK (SEE WARNINGS AND PRECAUTIONS, LABORATORY TESTS). APLASTIC ANEMIA AND AGRANULOCYTOSIS APLASTIC ANEMIA AND AGRANULOCYTOSIS HAVE BEEN REPORTED IN ASSOCIATION WITH THE USE OF TEGRETOL. DATA FROM A POPULATION-BASED CASE CONTROL STUDY DEMONSTRATE THAT THE RISK OF DEVELOPING THESE REACTIONS IS 5 TO 8 TIMES GREATER THAN IN THE GENERAL POPULATION. HOWEVER, THE OVERALL RISK OF THESE REACTIONS IN THE UNTREATED GENERAL POPULATION IS LOW, APPROXIMATELY SIX PATIENTS PER ONE MILLION POPULATION PER YEAR FOR AGRANULOCYTOSIS AND TWO PATIENTS PER ONE MILLION POPULATION PER YEAR FOR APLASTIC ANEMIA. ALTHOUGH REPORTS OF TRANSIENT OR PERSISTENT DECREASED PLATELET OR WHITE BLOOD CELL COUNTS ARE NOT UNCOMMON IN ASSOCIATION WITH THE USE OF TEGRETOL, DATA ARE NOT AVAILABLE TO ESTIMATE ACCURATELY THEIR INCIDENCE OR OUTCOME. HOWEVER, THE VAST MAJORITY OF THE CASES OF LEUKOPENIA HAVE NOT PROGRESSED TO THE MORE SERIOUS CONDITIONS OF APLASTIC ANEMIA OR AGRANULOCYTOSIS. BECAUSE OF THE VERY LOW INCIDENCE OF AGRANULOCYTOSIS AND APLASTIC ANEMIA, THE VAST MAJORITY OF MINOR HEMATOLOGIC CHANGES OBSERVED IN MONITORING OF PATIENTS ON TEGRETOL ARE UNLIKELY TO SIGNAL THE OCCURRENCE OF EITHER ABNORMALITY. NONETHELESS, COMPLETE PRETREATMENT HEMATOLOGICAL TESTING SHOULD BE OBTAINED AS A BASELINE. IF A PATIENT IN THE COURSE OF TREATMENT EXHIBITS LOW OR DECREASED WHITE BLOOD CELL OR PLATELET COUNTS, THE PATIENT SHOULD BE MONITORED CLOSELY. DISCONTINUATION OF THE DRUG SHOULD BE CONSIDERED IF ANY EVIDENCE OF SIGNIFICANT BONE MARROW DEPRESSION DEVELOPS.","FDA/DailyMed SPL; status=boxed_warning_found; setid=8d409411-aa9f-4f3a-a52c-fbcb0c3ec053; published=Dec 18, 2025; title=TEGRETOL (CARBAMAZEPINE) SUSPENSION TEGRETOL (CARBAMAZEPINE) TABLET TEGRETOL XR (CARBAMAZEPINE) TABLET, EXTENDED RELEASE [NOVARTIS PHARMACEUTICALS CORPORATION]; url=https://dailymed.nlm.nih.gov/dailymed/drugInfo.cfm?setid=8d409411-aa9f-4f3a-a52c-fbcb0c3ec053",05-15-2026,8d409411-aa9f-4f3a-a52c-fbcb0c3ec053,"Dec 18, 2025","TEGRETOL (CARBAMAZEPINE) SUSPENSION TEGRETOL (CARBAMAZEPINE) TABLET TEGRETOL XR (CARBAMAZEPINE) TABLET, EXTENDED RELEASE [NOVARTIS PHARMACEUTICALS CORPORATION]",https://dailymed.nlm.nih.gov/dailymed/drugInfo.cfm?setid=8d409411-aa9f-4f3a-a52c-fbcb0c3ec053,WARNINGS,34066-1,tegretol; carbatrol; carbamazepine; Curatil; Epitol; Equetro; Tegretol Prolonged Release; Tegretol-XR,3c7e8bbc357c7e1cfe11e615c54cc20fab35c2a89ff862af86c421176077c785
cenobamate,no_boxed_warning_in_selected_label,No FDA boxed warning identified in selected current DailyMed label.,"FDA/DailyMed SPL; status=no_boxed_warning_in_selected_label; setid=565c2126-57ae-4e29-b443-723bbe7e2072; published=Feb 02, 2026; title=XCOPRI TITRATION PACK (CENOBAMATE) KIT XCOPRI (CENOBAMATE) TABLET, FILM COATED XCOPRI MAINTENANCE PACK (CENOBAMATE) KIT XCOPRI (CENOBAMATE) TABLET [SK LIFE SCIENCE, INC.]; url=https://dailymed.nlm.nih.gov/dailymed/drugInfo.cfm?setid=565c2126-57ae-4e29-b443-723bbe7e2072",05-15-2026,565c2126-57ae-4e29-b443-723bbe7e2072,"Feb 02, 2026","XCOPRI TITRATION PACK (CENOBAMATE) KIT XCOPRI (CENOBAMATE) TABLET, FILM COATED XCOPRI MAINTENANCE PACK (CENOBAMATE) KIT XCOPRI (CENOBAMATE) TABLET [SK LIFE SCIENCE, INC.]",https://dailymed.nlm.nih.gov/dailymed/drugInfo.cfm?setid=565c2126-57ae-4e29-b443-723bbe7e2072,,,xcopri; cenobamate; Ontozry,2e4628f652ce3c3f93c3cd1aadb2bba04203f648bc70f0e6d35c5b54d3cd3878
clobazam,boxed_warning_found,"WARNING: RISKS FROM CONCOMITANT USE WITH OPIOIDS; ABUSE, MISUSE, AND ADDICTION; and DEPENDENCE AND WITHDRAWAL REACTIONS Concomitant use of benzodiazepines and opioids may result in profound sedation, respiratory depression, coma, and death. Reserve concomitant prescribing of these drugs for patients for whom alternative treatment options are inadequate. Limit dosages and durations to the minimum required. Follow patients for signs and symptoms of respiratory depression and sedation [see Warnings and Precautions ( 5.1 ), Drug Interactions ( 7.1 )] . The use of benzodiazepines, including ONFI, exposes users to risks of abuse, misuse, and addiction, which can lead to overdose or death. Abuse and misuse of benzodiazepines commonly involve concomitant use of other medications, alcohol, and/or illicit substances, which is associated with an increased frequency of serious adverse outcomes. Before prescribing ONFI and throughout treatment, assess each patient’s risk for abuse, misuse, and addiction [see Warnings and Precautions ( 5.2 )] . The continued use of benzodiazepines, including ONFI, may lead to clinically significant physical dependence. The risks of dependence and withdrawal increase with longer treatment duration and higher daily dose. Abrupt discontinuation or rapid dosage reduction of ONFI after continued use may precipitate acute withdrawal reactions, which can be life-threatening. To reduce the risk of withdrawal reactions, use a gradual taper to discontinue ONFI or reduce the dosage [see Dosage and Administration ( 2.2 ) and Warnings and Precautions ( 5.3 )] . WARNING: RISKS FROM CONCOMITANT USE WITH OPIOIDS; ABUSE, MISUSE, AND ADDICTION; and DEPENDENCE AND WITHDRAWAL REACTIONS See full prescribing information for complete boxed warning. Concomitant use of benzodiazepines and opioids may result in profound sedation, respiratory depression, coma, and death. Reserve concomitant prescribing of these drugs for patients for whom alternative treatment options are inadequate. Limit dosages and durations to the minimum required. Follow patients for signs and symptoms of respiratory depression and sedation ( 5.1 , 7.1 ) . The use of benzodiazepines, including ONFI, exposes users to risks of abuse, misuse, and addiction, which can lead to overdose or death. Before prescribing ONFI and throughout treatment, assess each patient’s risk for abuse, misuse, and addiction ( 5.2) . Abrupt discontinuation or rapid dosage reduction of ONFI after continued use may precipitate acute withdrawal reactions, which can be life-threatening. To reduce the risk of withdrawal reactions, use a gradual taper to discontinue ONFI or reduce the dosage ( 2.2 , 5.3 ) .","FDA/DailyMed SPL; status=boxed_warning_found; setid=de03bd69-2dca-459c-93b4-541fd3e9571c; published=Dec 17, 2025; title=ONFI (CLOBAZAM) TABLET ONFI (CLOBAZAM) SUSPENSION [LUNDBECK PHARMACEUTICALS LLC]; url=https://dailymed.nlm.nih.gov/dailymed/drugInfo.cfm?setid=de03bd69-2dca-459c-93b4-541fd3e9571c",05-15-2026,de03bd69-2dca-459c-93b4-541fd3e9571c,"Dec 17, 2025",ONFI (CLOBAZAM) TABLET ONFI (CLOBAZAM) SUSPENSION [LUNDBECK PHARMACEUTICALS LLC],https://dailymed.nlm.nih.gov/dailymed/drugInfo.cfm?setid=de03bd69-2dca-459c-93b4-541fd3e9571c,"WARNING: RISKS FROM CONCOMITANT USE WITH OPIOIDS; ABUSE, MISUSE, AND ADDICTION; and DEPENDENCE AND WITHDRAWAL REACTIONS",34066-1,onfi; sympazan; clobazam; Frisium; Perizam; Tapclob,696d95a512f929f1ef951e509b77504846792570965fc1fca14da221201aab60
clonazepam,boxed_warning_found,"WARNING: RISKS FROM CONCOMITANT USE WITH OPIOIDS; ABUSE, MISUSE, AND ADDICTION; and DEPENDENCE AND WITHDRAWAL REACTIONS Concomitant use of benzodiazepines and opioids may result in profound sedation, respiratory depression, coma, and death. Reserve concomitant prescribing of these drugs for patients for whom alternative treatment options are inadequate. Limit dosages and durations to the minimum required. Follow patients for signs and symptoms of respiratory depression and sedation (see WARNINGS and PRECAUTIONS ). The use of benzodiazepines, including Klonopin, exposes users to risks of abuse, misuse, and addiction, which can lead to overdose or death. Abuse and misuse of benzodiazepines commonly involve concomitant use of other medications, alcohol, and/or illicit substances, which is associated with an increased frequency of serious adverse outcomes. Before prescribing Klonopin and throughout treatment, assess each patient's risk for abuse, misuse, and addiction (see WARNINGS ) . The continued use of benzodiazepines, including Klonopin, may lead to clinically significant physical dependence. The risks of dependence and withdrawal increase with longer treatment duration and higher daily dose. Abrupt discontinuation or rapid dosage reduction of Klonopin after continued use may precipitate acute withdrawal reactions, which can be life-threatening. To reduce the risk of withdrawal reactions, use a gradual taper to discontinue Klonopin or reduce the dosage (see DOSAGE AND ADMINISTRATION and WARNINGS ) .","FDA/DailyMed SPL; status=boxed_warning_found; setid=cfa0d79a-843c-4b88-95a1-e9511d649ca1; published=Dec 02, 2025; title=KLONOPIN (CLONAZEPAM) TABLET [H2-PHARMA, LLC]; url=https://dailymed.nlm.nih.gov/dailymed/drugInfo.cfm?setid=cfa0d79a-843c-4b88-95a1-e9511d649ca1",05-15-2026,cfa0d79a-843c-4b88-95a1-e9511d649ca1,"Dec 02, 2025","KLONOPIN (CLONAZEPAM) TABLET [H2-PHARMA, LLC]",https://dailymed.nlm.nih.gov/dailymed/drugInfo.cfm?setid=cfa0d79a-843c-4b88-95a1-e9511d649ca1,"WARNING: RISKS FROM CONCOMITANT USE WITH OPIOIDS; ABUSE, MISUSE, AND ADDICTION; and DEPENDENCE AND WITHDRAWAL REACTIONS",34066-1,klonopin; clonazepam; Rivotril,ad7a3b120fa50553739ad6de0dc5e76b9b491f9fddacd21708f7fa2c41da8d4c
clorazepate,boxed_warning_found,"WARNING: RISKS FROM CONCOMITANT USE WITH OPIOIDS; ABUSE, MISUSE, AND ADDICTION; and DEPENDENCE AND WITHDRAWAL REACTIONS Concomitant use of benzodiazepines and opioids may result in profound sedation, respiratory depression, coma, and death. Reserve concomitant prescribing of these drugs in patients for whom alternative treatment options are inadequate. Limit dosages and durations to the minimum required. Follow patients for signs and symptoms of respiratory depression and sedation (See WARNINGS and PRECAUTIONS ). The use of benzodiazepines, including Clorazepate dipotassium tablets, exposes users to risks of abuse, misuse, and addiction, which can lead to overdose or death. Abuse and misuse of benzodiazepines commonly involve concomitant use of other medications, alcohol, and/or illicit substances, which is associated with an increased frequency of serious adverse outcomes. Before prescribing Clorazepate dipotassium tablets and throughout out treatment, assess each patient’s risk for abuse, misuse, and addiction (See WARNINGS ). The continued use of benzodiazepines, including Clorazepate dipotassium tablets, may lead to clinically significant physical dependence. The risks of dependence and withdrawal increase with longer treatment duration and higher daily dose. Abrupt discontinuation or rapid dosage reduction of Clorazepate dipotassium tablets after continued use may precipitate acute withdrawal reactions, which can be life- threatening. To reduce the risk of withdrawal reactions, use a gradual taper to discontinue Clorazepate dipotassium tablets or reduce the dosage (See DOSAGE AND ADMINISTRATION and WARNINGS ).","FDA/DailyMed SPL; status=boxed_warning_found; setid=919cbd07-f587-4005-acff-26213dd1d1fb; published=Mar 26, 2026; title=CLORAZEPATE DIPOTASSIUM TABLET [AUROLIFE PHARMA LLC]; url=https://dailymed.nlm.nih.gov/dailymed/drugInfo.cfm?setid=919cbd07-f587-4005-acff-26213dd1d1fb",05-15-2026,919cbd07-f587-4005-acff-26213dd1d1fb,"Mar 26, 2026",CLORAZEPATE DIPOTASSIUM TABLET [AUROLIFE PHARMA LLC],https://dailymed.nlm.nih.gov/dailymed/drugInfo.cfm?setid=919cbd07-f587-4005-acff-26213dd1d1fb,"WARNING: RISKS FROM CONCOMITANT USE WITH OPIOIDS; ABUSE, MISUSE, AND ADDICTION; and DEPENDENCE AND WITHDRAWAL REACTIONS",34066-1,tranxene; clorazepate; Tranxene T-Tab,926ab6d296892f8f8857e5fd84857f6552fe3dad0ace7fc0e8f8fb3b42860fcf
diazepam,boxed_warning_found,"WARNING: RISKS FROM CONCOMITANT USE WITH OPIOIDS; ABUSE, MISUSE, AND ADDICTION; and DEPENDENCE AND WITHDRAWAL REACTIONS Concomitant use of benzodiazepines and opioids may result in profound sedation, respiratory depression, coma, and death. Reserve concomitant prescribing of these drugs for patients for whom alternative treatment options are inadequate. Limit dosages and durations to the minimum required. Follow patients for signs and symptoms of respiratory depression and sedation [see Warnings and Precautions (5.1) and Drug Interactions (7.1) ] . The use of benzodiazepines, including VALTOCO, exposes users to risks of abuse, misuse, and addiction, which can lead to overdose or death. Abuse and misuse of benzodiazepines commonly involve concomitant use of other medications, alcohol, and/or illicit substances, which is associated with an increased frequency of serious adverse outcomes. Before prescribing VALTOCO and throughout treatment, assess each patient's risk for abuse, misuse, and addiction [see Warnings and Precautions (5.2) ]. The continued use of benzodiazepines may lead to clinically significant physical dependence. The risks of dependence and withdrawal increase with longer treatment duration and higher daily dose. Although VALTOCO is indicated only for intermittent use [see Indications and Usage (1) and Dosage and Administration (2) ] , if used more frequently than recommended, abrupt discontinuation or rapid dosage reduction of VALTOCO may precipitate acute withdrawal reactions, which can be life-threatening. For patients using VALTOCO more frequently than recommended, to reduce the risk of withdrawal reactions, use a gradual taper to discontinue VALTOCO [see Warnings and Precautions (5.3) ]. WARNING: RISKS FROM CONCOMITANT USE WITH OPIOIDS; ABUSE, MISUSE, AND ADDICTION; and DEPENDENCE AND WITHDRAWAL REACTIONS See full prescribing information for complete boxed warning Concomitant use of benzodiazepines and opioids may result in profound sedation, respiratory depression, coma, and death. ( 5.1 , 7.1 ) The use of benzodiazepines, including VALTOCO, exposes users to risks of abuse, misuse, and addiction, which can lead to overdose or death. Before prescribing VALTOCO and throughout treatment, assess each patient's risk for abuse, misuse, and addiction. ( 5.2 ) Although VALTOCO is indicated only for intermittent use ( 1 , 2 ), if used more frequently than recommended, abrupt discontinuation or rapid dosage reduction of VALTOCO may precipitate acute withdrawal reactions, which can be life-threatening. For patients using VALTOCO more frequently than recommended, to reduce the risk of withdrawal reactions, use a gradual taper to discontinue VALTOCO. ( 5.3 )","FDA/DailyMed SPL; status=boxed_warning_found; setid=1a8bcc90-68fa-474d-832c-0df01e825f39; published=Mar 23, 2026; title=VALTOCO (DIAZEPAM) SPRAY [NEURELIS, INC]; url=https://dailymed.nlm.nih.gov/dailymed/drugInfo.cfm?setid=1a8bcc90-68fa-474d-832c-0df01e825f39",05-15-2026,1a8bcc90-68fa-474d-832c-0df01e825f39,"Mar 23, 2026","VALTOCO (DIAZEPAM) SPRAY [NEURELIS, INC]",https://dailymed.nlm.nih.gov/dailymed/drugInfo.cfm?setid=1a8bcc90-68fa-474d-832c-0df01e825f39,"WARNING: RISKS FROM CONCOMITANT USE WITH OPIOIDS; ABUSE, MISUSE, AND ADDICTION; and DEPENDENCE AND WITHDRAWAL REACTIONS",34066-1,valtoco; diastat; diazepam; Diastat AcuDial; Libervant; Valium,9752fd428e1c67ef813b091609f0b89dd0f7e8ea981b7c7c03b0d125dd35389d
divalproex sodium,boxed_warning_found,"WARNING: LIFE THREATENING ADVERSE REACTIONS Hepatotoxicity General Population: Hepatic failure resulting in fatalities has occurred in patients receiving valproate and its derivatives. These incidents usually have occurred during the first six months of treatment. Serious or fatal hepatotoxicity may be preceded by non-specific symptoms such as malaise, weakness, lethargy, facial edema, anorexia, and vomiting. In patients with epilepsy, a loss of seizure control may also occur. Patients should be monitored closely for appearance of these symptoms. Serum liver tests should be performed prior to therapy and at frequent intervals thereafter, especially during the first six months [see Warnings and Precautions ( 5.1 )] . Children under the age of two years are at a considerably increased risk of developing fatal hepatotoxicity, especially those on multiple anticonvulsants, those with congenital metabolic disorders, those with severe seizure disorders accompanied by mental retardation, and those with organic brain disease. When Depakote ER is used in this patient group, it should be used with extreme caution and as a sole agent. The benefits of therapy should be weighed against the risks. The incidence of fatal hepatotoxicity decreases considerably in progressively older patient groups. Patients with Mitochondrial Disease: There is an increased risk of valproate-induced acute liver failure and resultant deaths in patients with hereditary neurometabolic syndromes caused by DNA mutations of the mitochondrial DNA Polymerase γ (POLG) gene (e.g. , Alpers Huttenlocher Syndrome). Depakote ER is contraindicated in patients known to have mitochondrial disorders caused by POLG mutations and children under two years of age who are clinically suspected of having a mitochondrial disorder [see Contraindications ( 4 )] . In patients over two years of age who are clinically suspected of having a hereditary mitochondrial disease, Depakote ER should only be used after other anticonvulsants have failed. This older group of patients should be closely monitored during treatment with Depakote ER for the development of acute liver injury with regular clinical assessments and serum liver testing. POLG mutation screening should be performed in accordance with current clinical practice [see Warnings and Precautions ( 5.1 )] . Fetal Risk Valproate can cause major congenital malformations, particularly neural tube defects (e.g., spina bifida). In addition, valproate can cause decreased IQ scores and neurodevelopmental disorders following in utero exposure. Valproate is therefore contraindicated for prophylaxis of migraine headaches in pregnant women and in women of childbearing potential who are not using effective contraception [see Contraindications ( 4 )] . Valproate should not be used to treat women with epilepsy or bipolar disorder who are pregnant or who plan to become pregnant unless other medications have failed to provide adequate symptom control or are otherwise unacceptable. Valproate should not be administered to a woman of childbearing potential unless other medications have failed to provide adequate symptom control or are otherwise unacceptable. In such situations, effective contraception should be used [see Warnings and Precautions ( 5.2 , 5.3 , 5.4 )] . A Medication Guide describing the risks of valproate is available for patients [see Patient Counseling Information ( 17 )] . Pancreatitis Cases of life-threatening pancreatitis have been reported in both children and adults receiving valproate. Some of the cases have been described as hemorrhagic with a rapid progression from initial symptoms to death. Cases have been reported shortly after initial use as well as after several years of use. Patients and guardians should be warned that abdominal pain, nausea, vomiting, and/or anorexia can be symptoms of pancreatitis that require prompt medical evaluation. If pancreatitis is diagnosed, valproate should ordinarily be discontinued. Alternative treatment for the underlying medical condition should be initiated as clinically indicated [see Warnings and Precautions ( 5.5 )] . WARNING: LIFE THREATENING ADVERSE REACTIONS See full prescribing information for complete boxed warning . Hepatotoxicity, including fatalities, usually during the first 6 months of treatment. Children under the age of two years and patients with mitochondrial disorders are at higher risk. Monitor patients closely, and perform serum liver testing prior to therapy and at frequent intervals thereafter ( 5.1 ) Fetal Risk, particularly neural tube defects, other major malformations, and decreased IQ ( 5.2 , 5.3 , 5.4 ) Pancreatitis, including fatal hemorrhagic cases ( 5.5 )","FDA/DailyMed SPL; status=boxed_warning_found; setid=0dc024ce-efc8-4690-7cb5-639c728fccac; published=Apr 13, 2026; title=DEPAKOTE ER (DIVALPROEX SODIUM) TABLET, EXTENDED RELEASE [ABBVIE INC.]; url=https://dailymed.nlm.nih.gov/dailymed/drugInfo.cfm?setid=0dc024ce-efc8-4690-7cb5-639c728fccac",05-15-2026,0dc024ce-efc8-4690-7cb5-639c728fccac,"Apr 13, 2026","DEPAKOTE ER (DIVALPROEX SODIUM) TABLET, EXTENDED RELEASE [ABBVIE INC.]",https://dailymed.nlm.nih.gov/dailymed/drugInfo.cfm?setid=0dc024ce-efc8-4690-7cb5-639c728fccac,WARNING: LIFE THREATENING ADVERSE REACTIONS,34066-1,depakote; divalproex sodium; valproate semisodium; Depakote ER; Depakote Sprinkles; Epival,b231b3dba34db071cc750cc6119e1c9ef6f10a853dd80a1714df95c71ce82d70
eslicarbazepine acetate,no_boxed_warning_in_selected_label,No FDA boxed warning identified in selected current DailyMed label.,"FDA/DailyMed SPL; status=no_boxed_warning_in_selected_label; setid=3d0c9554-eaeb-4694-8089-00133fcadce3; published=Dec 05, 2023; title=APTIOM (ESLICARBAZEPINE ACETATE) TABLET APTIOM (ESLICARBAZEPINE ACETATE) KIT [SUMITOMO PHARMA AMERICA, INC.]; url=https://dailymed.nlm.nih.gov/dailymed/drugInfo.cfm?setid=3d0c9554-eaeb-4694-8089-00133fcadce3",05-15-2026,3d0c9554-eaeb-4694-8089-00133fcadce3,"Dec 05, 2023","APTIOM (ESLICARBAZEPINE ACETATE) TABLET APTIOM (ESLICARBAZEPINE ACETATE) KIT [SUMITOMO PHARMA AMERICA, INC.]",https://dailymed.nlm.nih.gov/dailymed/drugInfo.cfm?setid=3d0c9554-eaeb-4694-8089-00133fcadce3,,,aptiom; eslicarbazepine acetate; eslicarbazepine; Zebinix,2e4628f652ce3c3f93c3cd1aadb2bba04203f648bc70f0e6d35c5b54d3cd3878
ethadione,no_current_fda_label,No current FDA/DailyMed label identified.,FDA/DailyMed search on 05-15-2026: no current label found for terms [ethadione].,05-15-2026,,,,,,,ethadione,c67d3026093804e38ce3e3a9f8038d1d17b5d1c3efbe1766729ddbf6430e936d
ethosuximide,no_boxed_warning_in_selected_label,No FDA boxed warning identified in selected current DailyMed label.,"FDA/DailyMed SPL; status=no_boxed_warning_in_selected_label; setid=0e008f33-70a1-4bc6-b3a0-d45214418ab6; published=Jul 16, 2024; title=ZARONTIN (ETHOSUXIMIDE) CAPSULE [PARKE-DAVIS DIV OF PFIZER INC]; url=https://dailymed.nlm.nih.gov/dailymed/drugInfo.cfm?setid=0e008f33-70a1-4bc6-b3a0-d45214418ab6",05-15-2026,0e008f33-70a1-4bc6-b3a0-d45214418ab6,"Jul 16, 2024",ZARONTIN (ETHOSUXIMIDE) CAPSULE [PARKE-DAVIS DIV OF PFIZER INC],https://dailymed.nlm.nih.gov/dailymed/drugInfo.cfm?setid=0e008f33-70a1-4bc6-b3a0-d45214418ab6,,,zarontin; ethosuximide; Emeside; Epesri,2e4628f652ce3c3f93c3cd1aadb2bba04203f648bc70f0e6d35c5b54d3cd3878
ethotoin,no_current_fda_label,No current FDA/DailyMed label identified.,FDA/DailyMed search on 05-15-2026: no current label found for terms [ethotoin; Peganone].,05-15-2026,,,,,,,ethotoin; Peganone,c67d3026093804e38ce3e3a9f8038d1d17b5d1c3efbe1766729ddbf6430e936d
etiracetam,no_current_fda_label,No current FDA/DailyMed label identified.,FDA/DailyMed search on 05-15-2026: no current label found for terms [etiracetam].,05-15-2026,,,,,,,etiracetam,c67d3026093804e38ce3e3a9f8038d1d17b5d1c3efbe1766729ddbf6430e936d
everolimus,boxed_warning_found,"WARNING: MALIGNANCIES and SERIOUS INFECTIONS; KIDNEY GRAFT THROMBOSIS; NEPHROTOXICITY; and MORTALITY IN HEART TRANSPLANTATION Malignancies and Serious Infections Only physicians experienced in immunosuppressive therapy and management of transplant patients should prescribe everolimus. Patients receiving the drug should be managed in facilities equipped and staffed with adequate laboratory and supportive medical resources. The physician responsible for maintenance therapy should have complete information requisite for the follow-up of the patient [see Warnings and Precautions (5.1) ] . Increased susceptibility to infection and the possible development of malignancies, such as lymphoma and skin cancer, may result from immunosuppression [see Warnings and Precautions (5.2 , 5.3) ]. Kidney Graft Thrombosis An increased risk of kidney arterial and venous thrombosis, resulting in graft loss, was reported, mostly within the first 30 days posttransplantation [see Warnings and Precautions (5.4) ] . Nephrotoxicity Increased nephrotoxicity can occur with use of standard doses of cyclosporine in combination with everolimus. Therefore, reduced doses of cyclosporine should be used in combination with everolimus in order to reduce renal dysfunction. It is important to monitor the cyclosporine and everolimus whole blood trough concentrations [see Dosage and Administration (2.4 , 2.5) , Warnings and Precautions (5.6) , Clinical Pharmacology (12.7 , 12.8) ] . Mortality in Heart Transplantation Increased mortality, often associated with serious infections, within the first three months posttransplantation was observed in a clinical trial of de novo heart transplant patients receiving immunosuppressive regimens with or without induction therapy. Use in heart transplantation is not recommended [see Warnings and Precautions (5.7) ] . WARNING: MALIGNANCIES and SERIOUS INFECTIONS; KIDNEY GRAFT THROMBOSIS; NEPHROTOXICITY; and MORTALITY IN HEART TRANSPLANTATION See full prescribing information for complete boxed warning. Only physicians experienced in immunosuppressive therapy and management of transplant patients should use everolimus ( 5.1 ) Increased susceptibility to infection and the possible development of malignancies may result from immunosuppression ( 5.2 , 5.3 ) Increased incidence of kidney graft thrombosis ( 5.4 ) Reduced doses of cyclosporine are required for use in combination with everolimus in order to reduce nephrotoxicity ( 2.4 , 2.5 , 5.6 , 12.7 , 12.8 ) Increased mortality in a heart transplant clinical trial. Use in heart transplantation is not recommended ( 5.7 )","FDA/DailyMed SPL; status=boxed_warning_found; setid=43ef3c29-0e25-4fdd-aea1-06a20af9bbab; published=Mar 02, 2026; title=EVEROLIMUS TABLET [AUROBINDO PHARMA LIMITED]; url=https://dailymed.nlm.nih.gov/dailymed/drugInfo.cfm?setid=43ef3c29-0e25-4fdd-aea1-06a20af9bbab",05-15-2026,43ef3c29-0e25-4fdd-aea1-06a20af9bbab,"Mar 02, 2026",EVEROLIMUS TABLET [AUROBINDO PHARMA LIMITED],https://dailymed.nlm.nih.gov/dailymed/drugInfo.cfm?setid=43ef3c29-0e25-4fdd-aea1-06a20af9bbab,WARNING: MALIGNANCIES and SERIOUS INFECTIONS; KIDNEY GRAFT THROMBOSIS; NEPHROTOXICITY; and MORTALITY IN HEART TRANSPLANTATION,34066-1,afinitor; everolimus; Afinitor Disperz; Votubia,17531a8e010f9a24915ca6ceee7997bde6c990389011cc42ba738ecd0dee8be5
ezogabine,no_current_fda_label,No current FDA/DailyMed label identified.,FDA/DailyMed search on 05-15-2026: no current label found for terms [ezogabine; retigabine; Potiga; Trobalt].,05-15-2026,,,,,,,ezogabine; retigabine; Potiga; Trobalt,c67d3026093804e38ce3e3a9f8038d1d17b5d1c3efbe1766729ddbf6430e936d
felbamate,boxed_warning_found,"WARNING 1. APLASTIC ANEMIA THE USE OF FELBATOL ® (felbamate) IS ASSOCIATED WITH A MARKED INCREASE IN THE INCIDENCE OF APLASTIC ANEMIA. ACCORDINGLY, FELBATOL ® SHOULD ONLY BE USED IN PATIENTS WHOSE EPILEPSY IS SO SEVERE THAT THE RISK OF APLASTIC ANEMIA IS DEEMED ACCEPTABLE IN LIGHT OF THE BENEFITS CONFERRED BY ITS USE (SEE INDICATIONS ). ORDINARILY, A PATIENT SHOULD NOT BE PLACED ON AND/OR CONTINUED ON FELBATOL ® WITHOUT CONSIDERATION OF APPROPRIATE EXPERT HEMATOLOGIC CONSULTATION. AMONG FELBATOL ® TREATED PATIENTS, APLASTIC ANEMIA (PANCYTOPENIA IN THE PRESENCE OF A BONE MARROW LARGELY DEPLETED OF HEMATOPOIETIC PRECURSORS) OCCURS AT AN INCIDENCE THAT MAY BE MORE THAN A 100 FOLD GREATER THAN THAT SEEN IN THE UNTREATED POPULATION (I.E., 2 TO 5 PER MILLION PERSONS PER YEAR). THE RISK OF DEATH IN PATIENTS WITH APLASTIC ANEMIA GENERALLY VARIES AS A FUNCTION OF ITS SEVERITY AND ETIOLOGY; CURRENT ESTIMATES OF THE OVERALL CASE FATALITY RATE ARE IN THE RANGE OF 20 TO 30%, BUT RATES AS HIGH AS 70% HAVE BEEN REPORTED IN THE PAST. THERE ARE TOO FEW FELBATOL ® ASSOCIATED CASES, AND TOO LITTLE KNOWN ABOUT THEM TO PROVIDE A RELIABLE ESTIMATE OF THE SYNDROME’S INCIDENCE OR ITS CASE FATALITY RATE OR TO IDENTIFY THE FACTORS, IF ANY, THAT MIGHT CONCEIVABLY BE USED TO PREDICT WHO IS AT GREATER OR LESSER RISK. IN MANAGING PATIENTS ON FELBATOL ® , IT SHOULD BE BORNE IN MIND THAT THE CLINICAL MANIFESTATION OF APLASTIC ANEMIA MAY NOT BE SEEN UNTIL AFTER A PATIENT HAS BEEN ON FELBATOL ® FOR SEVERAL MONTHS (E.G., ONSET OF APLASTIC ANEMIA AMONG FELBATOL ® EXPOSED PATIENTS FOR WHOM DATA ARE AVAILABLE HAS RANGED FROM 5 TO 30 WEEKS). HOWEVER, THE INJURY TO BONE MARROW STEM CELLS THAT IS HELD TO BE ULTIMATELY RESPONSIBLE FOR THE ANEMIA MAY OCCUR WEEKS TO MONTHS EARLIER. ACCORDINGLY, PATIENTS WHO ARE DISCONTINUED FROM FELBATOL ® REMAIN AT RISK FOR DEVELOPING ANEMIA FOR A VARIABLE, AND UNKNOWN, PERIOD AFTERWARDS. IT IS NOT KNOWN WHETHER OR NOT THE RISK OF DEVELOPING APLASTIC ANEMIA CHANGES WITH DURATION OF EXPOSURE. CONSEQUENTLY, IT IS NOT SAFE TO ASSUME THAT A PATIENT WHO HAS BEEN ON FELBATOL ® WITHOUT SIGNS OF HEMATOLOGIC ABNORMALITY FOR LONG PERIODS OF TIME IS WITHOUT RISK. IT IS NOT KNOWN WHETHER OR NOT THE DOSE OF FELBATOL ® AFFECTS THE INCIDENCE OF APLASTIC ANEMIA. IT IS NOT KNOWN WHETHER OR NOT CONCOMITANT USE OF ANTIEPILEPTIC DRUGS AND/OR OTHER DRUGS AFFECTS THE INCIDENCE OF APLASTIC ANEMIA. APLASTIC ANEMIA TYPICALLY DEVELOPS WITHOUT PREMONITORY CLINICAL OR LABORATORY SIGNS, THE FULL BLOWN SYNDROME PRESENTING WITH SIGNS OF INFECTION, BLEEDING, OR ANEMIA. ACCORDINGLY, ROUTINE BLOOD TESTING CANNOT BE RELIABLY USED TO REDUCE THE INCIDENCE OF APLASTIC ANEMIA, BUT, IT WILL, IN SOME CASES, ALLOW THE DETECTION OF THE HEMATOLOGIC CHANGES BEFORE THE SYNDROME DECLARES ITSELF CLINICALLY. FELBATOL ® SHOULD BE DISCONTINUED IF ANY EVIDENCE OF BONE MARROW DEPRESSION OCCURS. 2. HEPATIC FAILURE EVALUATION OF POSTMARKETING EXPERIENCE SUGGESTS THAT ACUTE LIVER FAILURE IS ASSOCIATED WITH THE USE OF FELBATOL ® . THE REPORTED RATE IN THE U.S. HAS BEEN ABOUT 6 CASES OF LIVER FAILURE LEADING TO DEATH OR TRANSPLANT PER 75,000 PATIENT YEARS OF USE. THIS RATE IS AN UNDERESTIMATE BECAUSE OF UNDER REPORTING, AND THE TRUE RATE COULD BE CONSIDERABLY GREATER THAN THIS. FOR EXAMPLE, IF THE REPORTING RATE IS 10%, THE TRUE RATE WOULD BE ONE CASE PER 1,250 PATIENT YEARS OF USE. OF THE CASES REPORTED, ABOUT 67% RESULTED IN DEATH OR LIVER TRANSPLANTATION, USUALLY WITHIN 5 WEEKS OF THE ONSET OF SIGNS AND SYMPTOMS OF LIVER FAILURE. THE EARLIEST ONSET OF SEVERE HEPATIC DYSFUNCTION FOLLOWED SUBSEQUENTLY BY LIVER FAILURE WAS 3 WEEKS AFTER INITIATION OF FELBATOL ® . ALTHOUGH SOME REPORTS DESCRIBED DARK URINE AND NONSPECIFIC PRODROMAL SYMPTOMS (E.G., ANOREXIA, MALAISE, AND GASTROINTESTINAL SYMPTOMS), IN OTHER REPORTS IT WAS NOT CLEAR IF ANY PRODROMAL SYMPTOMS PRECEDED THE ONSET OF JAUNDICE. IT IS NOT KNOWN WHETHER OR NOT THE RISK OF DEVELOPING HEPATIC FAILURE CHANGES WITH DURATION OF EXPOSURE. IT IS NOT KNOWN WHETHER OR NOT THE DOSAGE OF FELBATOL ® AFFECTS THE INCIDENCE OF HEPATIC FAILURE. IT IS NOT KNOWN WHETHER CONCOMITANT USE OF OTHER ANTIEPILEPTIC DRUGS AND/OR OTHER DRUGS AFFECT THE INCIDENCE OF HEPATIC FAILURE. FELBATOL ® SHOULD NOT BE PRESCRIBED FOR ANYONE WITH A HISTORY OF HEPATIC DYSFUNCTION. TREATMENT WITH FELBATOL ® SHOULD BE INITIATED ONLY IN INDIVIDUALS WITHOUT ACTIVE LIVER DISEASE AND WITH NORMAL BASELINE SERUM TRANSAMINASES. IT HAS NOT BEEN PROVED THAT PERIODIC SERUM TRANSAMINASE TESTING WILL PREVENT SERIOUS INJURY BUT IT IS GENERALLY BELIEVED THAT EARLY DETECTION OF DRUG-INDUCED HEPATIC INJURY ALONG WITH IMMEDIATE WITHDRAWAL OF THE SUSPECT DRUG ENHANCES THE LIKELIHOOD FOR RECOVERY. THERE IS NO INFORMATION AVAILABLE THAT DOCUMENTS HOW RAPIDLY PATIENTS CAN PROGRESS FROM NORMAL LIVER FUNCTION TO LIVER FAILURE, BUT OTHER DRUGS KNOWN TO BE HEPATOTOXINS CAN CAUSE LIVER FAILURE RAPIDLY (E.G., FROM NORMAL ENZYMES TO LIVER FAILURE IN 2-4 WEEKS). ACCORDINGLY, MONITORING OF SERUM TRANSAMINASE LEVELS (AST AND ALT) IS RECOMMENDED AT BASELINE AND PERIODICALLY THEREAFTER. WHILE THE MORE FREQUENT THE MONITORING THE GREATER THE CHANCES OF EARLY DETECTION, THE PRECISE SCHEDULE FOR MONITORING IS A MATTER OF CLINICAL JUDGEMENT. FELBATOL ® SHOULD BE DISCONTINUED IF EITHER SERUM AST OR SERUM ALT LEVELS BECOME INCREASED ≥ 2 TIMES THE UPPER LIMIT OF NORMAL, OR IF CLINICAL SIGNS AND SYMPTOMS SUGGEST LIVER FAILURE (SEE PRECAUTIONS ). PATIENTS WHO DEVELOP EVIDENCE OF HEPATOCELLULAR INJURY WHILE ON FELBATOL ® AND ARE WITHDRAWN FROM THE DRUG FOR ANY REASON SHOULD BE PRESUMED TO BE AT INCREASED RISK FOR LIVER INJURY IF FELBATOL ® IS REINTRODUCED. ACCORDINGLY, SUCH PATIENTS SHOULD NOT BE CONSIDERED FOR RE-TREATMENT.","FDA/DailyMed SPL; status=boxed_warning_found; setid=2f522701-397a-11de-8a39-0800200c9a66; published=Dec 31, 2025; title=FELBATOL (FELBAMATE) TABLET FELBATOL (FELBAMATE) SUSPENSION [VIATRIS SPECIALTY LLC]; url=https://dailymed.nlm.nih.gov/dailymed/drugInfo.cfm?setid=2f522701-397a-11de-8a39-0800200c9a66",05-15-2026,2f522701-397a-11de-8a39-0800200c9a66,"Dec 31, 2025",FELBATOL (FELBAMATE) TABLET FELBATOL (FELBAMATE) SUSPENSION [VIATRIS SPECIALTY LLC],https://dailymed.nlm.nih.gov/dailymed/drugInfo.cfm?setid=2f522701-397a-11de-8a39-0800200c9a66,WARNING,34066-1,felbatol; felbamate; Taloxa,157db6b1665d93824e730d4ac84081682615f29f78cf695db0fc3a8679294e89
fenfluramine,boxed_warning_found,"WARNING: VALVULAR HEART DISEASE and PULMONARY ARTERIAL HYPERTENSION FINTEPLA can cause valvular heart disease and pulmonary arterial hypertension [see Warnings and Precautions (5.1) ]. Echocardiogram assessments are required before, during, and after treatment with FINTEPLA. The benefits versus the risks of initiating or continuing FINTEPLA must be considered, based on echocardiogram findings [see Dosage and Administration (2.1 , 2.6 ) and Warnings and Precautions (5.1) ]. Because of the risks of valvular heart disease and pulmonary arterial hypertension, FINTEPLA is available only through a restricted program under a Risk Evaluation and Mitigation Strategy (REMS) called the FINTEPLA REMS [see Warnings and Precautions (5.2) ]. WARNING: VALVULAR HEART DISEASE and PULMONARY ARTERIAL HYPERTENSION See full prescribing information for complete boxed warning. FINTEPLA can cause valvular heart disease and pulmonary arterial hypertension. ( 5.1 ) Echocardiogram assessments are required before, during, and after treatment with FINTEPLA. ( 2.1 , 2.6 , 5.1 ) FINTEPLA is available only through a restricted program called the FINTEPLA REMS. ( 5.2 )","FDA/DailyMed SPL; status=boxed_warning_found; setid=e88f360e-33ad-4cd6-b2de-5ef885857c5d; published=Nov 17, 2025; title=FINTEPLA (FENFLURAMINE) SOLUTION [UCB, INC.]; url=https://dailymed.nlm.nih.gov/dailymed/drugInfo.cfm?setid=e88f360e-33ad-4cd6-b2de-5ef885857c5d",05-15-2026,e88f360e-33ad-4cd6-b2de-5ef885857c5d,"Nov 17, 2025","FINTEPLA (FENFLURAMINE) SOLUTION [UCB, INC.]",https://dailymed.nlm.nih.gov/dailymed/drugInfo.cfm?setid=e88f360e-33ad-4cd6-b2de-5ef885857c5d,WARNING: VALVULAR HEART DISEASE and PULMONARY ARTERIAL HYPERTENSION,34066-1,fintepla; fenfluramine,e3248ab0886e7838b25623c702223e99013d384acf91d105003f750a7beac0bb
fosphenytoin,boxed_warning_found,"WARNING: CARDIOVASCULAR RISK ASSOCIATED WITH RAPID INFUSION RATES The rate of intravenous CEREBYX administration should not exceed 150 mg phenytoin sodium equivalents (PE) per minute in adults and 2 mg PE/kg/min (or 150 mg PE/min, whichever is slower) in pediatric patients because of the risk of severe hypotension and cardiac arrhythmias. Careful cardiac monitoring is needed during and after administering intravenous CEREBYX. Although the risk of cardiovascular toxicity increases with infusion rates above the recommended infusion rate, these events have also been reported at or below the recommended infusion rate. Reduction in rate of administration or discontinuation of dosing may be needed [see Dosage and Administration (2.3 , 2.4) and Warnings and Precautions (5.2) ]. WARNING: CARDIOVASCULAR RISK ASSOCIATED WITH RAPID INFUSION RATES See full prescribing information for complete boxed warning . • The rate of intravenous CEREBYX administration should not exceed 150 mg phenytoin sodium equivalents (PE) per minute in adults and 2 mg PE/kg/min (or 150 mg PE/min, whichever is slower) in pediatric patients because of the risk of severe hypotension and cardiac arrhythmias. • Careful cardiac monitoring is needed during and after administering intravenous CEREBYX. • Reduction in rate of administration or discontinuation of dosing may be needed ( 2.3 , 2.4 , 5.2 ) .","FDA/DailyMed SPL; status=boxed_warning_found; setid=d4c36fad-0ba2-4cd4-9c5e-dcf843f38a5a; published=Aug 29, 2025; title=CEREBYX (FOSPHENYTOIN SODIUM) INJECTION, SOLUTION [PFIZER LABORATORIES DIV PFIZER INC]; url=https://dailymed.nlm.nih.gov/dailymed/drugInfo.cfm?setid=d4c36fad-0ba2-4cd4-9c5e-dcf843f38a5a",05-15-2026,d4c36fad-0ba2-4cd4-9c5e-dcf843f38a5a,"Aug 29, 2025","CEREBYX (FOSPHENYTOIN SODIUM) INJECTION, SOLUTION [PFIZER LABORATORIES DIV PFIZER INC]",https://dailymed.nlm.nih.gov/dailymed/drugInfo.cfm?setid=d4c36fad-0ba2-4cd4-9c5e-dcf843f38a5a,WARNING: CARDIOVASCULAR RISK ASSOCIATED WITH RAPID INFUSION RATES,34066-1,cerebyx; fosphenytoin; Pro-Epanutin,c7613a5db8e285fb8f84c1ad3f28c76adb2320a79f6c54daeeddc499598967fb
gabapentin,no_boxed_warning_in_selected_label,No FDA boxed warning identified in selected current DailyMed label.,"FDA/DailyMed SPL; status=no_boxed_warning_in_selected_label; setid=97935fd9-1d4a-43b6-a5d9-de994591187b; published=Apr 10, 2026; title=NEURONTIN (GABAPENTIN) CAPSULE NEURONTIN (GABAPENTIN) TABLET, FILM COATED NEURONTIN (GABAPENTIN) SOLUTION [VIATRIS SPECIALTY LLC]; url=https://dailymed.nlm.nih.gov/dailymed/drugInfo.cfm?setid=97935fd9-1d4a-43b6-a5d9-de994591187b",05-15-2026,97935fd9-1d4a-43b6-a5d9-de994591187b,"Apr 10, 2026","NEURONTIN (GABAPENTIN) CAPSULE NEURONTIN (GABAPENTIN) TABLET, FILM COATED NEURONTIN (GABAPENTIN) SOLUTION [VIATRIS SPECIALTY LLC]",https://dailymed.nlm.nih.gov/dailymed/drugInfo.cfm?setid=97935fd9-1d4a-43b6-a5d9-de994591187b,,,neurontin; gabapentin; Gralise; Horizant,2e4628f652ce3c3f93c3cd1aadb2bba04203f648bc70f0e6d35c5b54d3cd3878
ganaxolone,no_boxed_warning_in_selected_label,No FDA boxed warning identified in selected current DailyMed label.,"FDA/DailyMed SPL; status=no_boxed_warning_in_selected_label; setid=d91612c4-b03a-4be4-a1ee-6a13e3b83d4e; published=Dec 01, 2025; title=ZTALMY (GANAXOLONE) SUSPENSION [IMMEDICA PHARMA US INC]; url=https://dailymed.nlm.nih.gov/dailymed/drugInfo.cfm?setid=d91612c4-b03a-4be4-a1ee-6a13e3b83d4e",05-15-2026,d91612c4-b03a-4be4-a1ee-6a13e3b83d4e,"Dec 01, 2025",ZTALMY (GANAXOLONE) SUSPENSION [IMMEDICA PHARMA US INC],https://dailymed.nlm.nih.gov/dailymed/drugInfo.cfm?setid=d91612c4-b03a-4be4-a1ee-6a13e3b83d4e,,,ztalmy; ganaxolone,2e4628f652ce3c3f93c3cd1aadb2bba04203f648bc70f0e6d35c5b54d3cd3878
lacosamide,no_boxed_warning_in_selected_label,No FDA boxed warning identified in selected current DailyMed label.,"FDA/DailyMed SPL; status=no_boxed_warning_in_selected_label; setid=9e79b42c-38a3-4b2c-a196-a5a1948250e2; published=May 13, 2026; title=VIMPAT (LACOSAMIDE) TABLET, FILM COATED VIMPAT (LACOSAMIDE) INJECTION VIMPAT (LACOSAMIDE) SOLUTION [UCB, INC.]; url=https://dailymed.nlm.nih.gov/dailymed/drugInfo.cfm?setid=9e79b42c-38a3-4b2c-a196-a5a1948250e2",05-15-2026,9e79b42c-38a3-4b2c-a196-a5a1948250e2,"May 13, 2026","VIMPAT (LACOSAMIDE) TABLET, FILM COATED VIMPAT (LACOSAMIDE) INJECTION VIMPAT (LACOSAMIDE) SOLUTION [UCB, INC.]",https://dailymed.nlm.nih.gov/dailymed/drugInfo.cfm?setid=9e79b42c-38a3-4b2c-a196-a5a1948250e2,,,vimpat; lacosamide; Motpoly XR,2e4628f652ce3c3f93c3cd1aadb2bba04203f648bc70f0e6d35c5b54d3cd3878
lamotrigine,boxed_warning_found,"WARNING: SERIOUS SKIN RASHES LAMICTAL XR can cause serious rashes requiring hospitalization and discontinuation of treatment. The incidence of these rashes, which have included Stevens-Johnson syndrome, is approximately 0.8% (8 per 1,000) in pediatric patients (aged 2 to 16 years) receiving immediate-release lamotrigine as adjunctive therapy for epilepsy and 0.3% (3 per 1,000) in adults on adjunctive therapy for epilepsy. In a prospectively followed cohort of 1,983 pediatric patients (aged 2 to 16 years) with epilepsy taking adjunctive immediate release lamotrigine, there was 1 rash-related death. LAMICTAL XR is not approved for patients younger than 13 years. In worldwide postmarketing experience, rare cases of toxic epidermal necrolysis and/or rash-related death have been reported in adult and pediatric patients, but their numbers are too few to permit a precise estimate of the rate. The risk of serious rash caused by treatment with LAMICTAL XR is not expected to differ from that with immediate-release lamotrigine. However, the relatively limited treatment experience with LAMICTAL XR makes it difficult to characterize the frequency and risk of serious rashes caused by treatment with LAMICTAL XR. In addition to age, factors that may increase the risk of occurrence or the severity of rash caused by LAMICTAL XR include (1) coadministration of LAMICTAL XR with valproate (includes valproic acid and divalproex sodium), (2) exceeding the recommended initial dose of LAMICTAL XR, (3) exceeding the recommended dose escalation for LAMICTAL XR. , or (4) the presence of the HLA-B*1502 allele. However, cases have occurred in the absence of these factors. Nearly all cases of life-threatening rashes caused by immediate-release lamotrigine have occurred within 2 to 8 weeks of treatment initiation. However, isolated cases have occurred after prolonged treatment (e.g., 6 months). Accordingly, duration of therapy cannot be relied upon as means to predict the potential risk heralded by the first appearance of a rash. Although benign rashes are also caused by LAMICTAL XR, it is not possible to predict reliably which rashes will prove to be serious or life threatening. Accordingly, LAMICTAL XR should ordinarily be discontinued at the first sign of rash, unless the rash is clearly not drug related. Discontinuation of treatment may not prevent a rash from becoming life threatening or permanently disabling or disfiguring [see Warnings and Precautions ( 5.1 )] . WARNING: SERIOUS SKIN RASHES See full prescribing information for complete boxed warning. • Cases of life-threatening serious rashes, including Stevens-Johnson syndrome and toxic epidermal necrolysis, and/or rash-related death have been caused by lamotrigine. The rate of serious rash is greater in pediatric patients than in adults. Additional factors that may increase the risk of rash include: • coadministration with valproate. • exceeding recommended initial dose of LAMICTAL XR. • exceeding recommended dose escalation for LAMICTAL XR. • presence of the HLA-B*1502 allele. ( 5.1 ) • Benign rashes are also caused by lamotrigine; however, it is not possible to predict which rashes will prove to be serious or life threatening. LAMICTAL XR should be discontinued at the first sign of rash, unless the rash is clearly not drug related. ( 5.1 )","FDA/DailyMed SPL; status=boxed_warning_found; setid=3e2c9a35-6a39-41d7-ad84-3c0bb8894b09; published=Nov 17, 2025; title=LAMICTAL XR (LAMOTRIGINE) TABLET, FILM COATED, EXTENDED RELEASE LAMICTAL XR (LAMOTRIGINE) KIT [GLAXOSMITHKLINE LLC]; url=https://dailymed.nlm.nih.gov/dailymed/drugInfo.cfm?setid=3e2c9a35-6a39-41d7-ad84-3c0bb8894b09",05-15-2026,3e2c9a35-6a39-41d7-ad84-3c0bb8894b09,"Nov 17, 2025","LAMICTAL XR (LAMOTRIGINE) TABLET, FILM COATED, EXTENDED RELEASE LAMICTAL XR (LAMOTRIGINE) KIT [GLAXOSMITHKLINE LLC]",https://dailymed.nlm.nih.gov/dailymed/drugInfo.cfm?setid=3e2c9a35-6a39-41d7-ad84-3c0bb8894b09,WARNING: SERIOUS SKIN RASHES,34066-1,lamictal; lamotrigine; Lamictal CD; Lamictal ODT; Lamictal XR,01469475cf021181b0f6e81e451fb3dac5c18f643574b9671e6e5c3b5e8cbe40
levetiracetam,no_boxed_warning_in_selected_label,No FDA boxed warning identified in selected current DailyMed label.,"FDA/DailyMed SPL; status=no_boxed_warning_in_selected_label; setid=2919e43b-69a8-434c-a2d2-1f3ecd7554c0; published=Jun 26, 2025; title=KEPPRA XR (LEVETIRACETAM) TABLET, FILM COATED, EXTENDED RELEASE [UCB, INC.]; url=https://dailymed.nlm.nih.gov/dailymed/drugInfo.cfm?setid=2919e43b-69a8-434c-a2d2-1f3ecd7554c0",05-15-2026,2919e43b-69a8-434c-a2d2-1f3ecd7554c0,"Jun 26, 2025","KEPPRA XR (LEVETIRACETAM) TABLET, FILM COATED, EXTENDED RELEASE [UCB, INC.]",https://dailymed.nlm.nih.gov/dailymed/drugInfo.cfm?setid=2919e43b-69a8-434c-a2d2-1f3ecd7554c0,,,keppra; levetiracetam; Desitrend; Elepsia XR; Keppra XR; Roweepra; Roweepra XR; Spritam,2e4628f652ce3c3f93c3cd1aadb2bba04203f648bc70f0e6d35c5b54d3cd3878
lorazepam,boxed_warning_found,"WARNING: RISKS FROM CONCOMITANT USE WITH OPIOIDS ; ABUSE, MISUSE, AND ADDICTION; and DEPENDENCE AND WITHDRAWAL REACTIONS Concomitant use of benzodiazepines and opioids may result in profound sedation, respiratory depression, coma, and death. Reserve concomitant prescribing of these drugs in patients for whom alternative treatment options are inadequate. Limit dosages and durations to the minimum required. Follow patients for signs and symptoms of respiratory depression and sedation (see WARNINGS and PRECAUTIONS ). The use of benzodiazepines, including ATIVAN Injection, exposes users to risks of abuse, misuse, and addiction, which can lead to overdose or death. Abuse and misuse of benzodiazepines commonly involve concomitant use of other medications, alcohol, and/or illicit substances, which is associated with an increased frequency of serious adverse outcomes. Before prescribing ATIVAN Injection and throughout treatment, assess each patient’s risk for abuse, misuse, and addiction (see WARNINGS ) . The continued use of benzodiazepines for several days to weeks may lead to clinically significant physical dependence. The risks of dependence and withdrawal increase with longer treatment duration and higher daily dose. Although ATIVAN Injection is indicated only for intermittent use (see INDICATIONS AND USAGE and DOSAGE AND ADMINISTRATION ), if used more frequently than recommended, abrupt discontinuation or rapid dosage reduction of ATIVAN Injection may precipitate acute withdrawal reactions, which can be life-threatening. For patients using ATIVAN Injection more frequently than recommended, to reduce the risk of withdrawal reactions, use a gradual taper to discontinue ATIVAN Injection (see WARNINGS ).","FDA/DailyMed SPL; status=boxed_warning_found; setid=5fc0e987-61c9-40c4-b0d5-fcea07c8733e; published=Apr 10, 2023; title=ATIVAN (LORAZEPAM) INJECTION [HIKMA PHARMACEUTICALS USA INC.]; url=https://dailymed.nlm.nih.gov/dailymed/drugInfo.cfm?setid=5fc0e987-61c9-40c4-b0d5-fcea07c8733e",05-15-2026,5fc0e987-61c9-40c4-b0d5-fcea07c8733e,"Apr 10, 2023",ATIVAN (LORAZEPAM) INJECTION [HIKMA PHARMACEUTICALS USA INC.],https://dailymed.nlm.nih.gov/dailymed/drugInfo.cfm?setid=5fc0e987-61c9-40c4-b0d5-fcea07c8733e,,34066-1,ativan; lorazepam; Loreev XR,601a7648e5c0934d97d552e32a71f1d2e72c861144028325904b67587be863ea
mephenytoin,no_current_fda_label,No current FDA/DailyMed label identified.,FDA/DailyMed search on 05-15-2026: no current label found for terms [mephenytoin; Mesantoin].,05-15-2026,,,,,,,mephenytoin; Mesantoin,c67d3026093804e38ce3e3a9f8038d1d17b5d1c3efbe1766729ddbf6430e936d
mephobarbital,no_current_fda_label,No current FDA/DailyMed label identified.,FDA/DailyMed search on 05-15-2026: no current label found for terms [mephobarbital; methylphenobarbital; Mebaral; Mephyltaletten; Prominal].,05-15-2026,,,,,,,mephobarbital; methylphenobarbital; Mebaral; Mephyltaletten; Prominal,c67d3026093804e38ce3e3a9f8038d1d17b5d1c3efbe1766729ddbf6430e936d
methazolamide,no_boxed_warning_in_selected_label,No FDA boxed warning identified in selected current DailyMed label.,"FDA/DailyMed SPL; status=no_boxed_warning_in_selected_label; setid=879a3c78-24dd-41f9-8fce-5f3166b0e2f4; published=Feb 12, 2026; title=METHAZOLAMIDE TABLET [AJANTA PHARMA USA INC.]; url=https://dailymed.nlm.nih.gov/dailymed/drugInfo.cfm?setid=879a3c78-24dd-41f9-8fce-5f3166b0e2f4",05-15-2026,879a3c78-24dd-41f9-8fce-5f3166b0e2f4,"Feb 12, 2026",METHAZOLAMIDE TABLET [AJANTA PHARMA USA INC.],https://dailymed.nlm.nih.gov/dailymed/drugInfo.cfm?setid=879a3c78-24dd-41f9-8fce-5f3166b0e2f4,,,methazolamide; Glauctabs; Neptazane,2e4628f652ce3c3f93c3cd1aadb2bba04203f648bc70f0e6d35c5b54d3cd3878
methsuximide,no_boxed_warning_in_selected_label,No FDA boxed warning identified in selected current DailyMed label.,"FDA/DailyMed SPL; status=no_boxed_warning_in_selected_label; setid=64a6ee88-c6b1-4e13-8208-b6772ef65a74; published=Apr 09, 2026; title=CELONTIN (METHSUXIMIDE) CAPSULE [PARKE-DAVIS DIV OF PFIZER INC]; url=https://dailymed.nlm.nih.gov/dailymed/drugInfo.cfm?setid=64a6ee88-c6b1-4e13-8208-b6772ef65a74",05-15-2026,64a6ee88-c6b1-4e13-8208-b6772ef65a74,"Apr 09, 2026",CELONTIN (METHSUXIMIDE) CAPSULE [PARKE-DAVIS DIV OF PFIZER INC],https://dailymed.nlm.nih.gov/dailymed/drugInfo.cfm?setid=64a6ee88-c6b1-4e13-8208-b6772ef65a74,,,celontin; methsuximide; mesuximide; Petinutin,2e4628f652ce3c3f93c3cd1aadb2bba04203f648bc70f0e6d35c5b54d3cd3878
midazolam,boxed_warning_found,"WARNING: RISKS FROM CONCOMITANT USE WITH OPIOIDS; ABUSE, MISUSE, AND ADDICTION; and DEPENDENCE AND WITHDRAWAL REACTIONS Concomitant use of benzodiazepines and opioids may result in profound sedation, respiratory depression, coma, and death . Reserve concomitant prescribing of these drugs for patients for whom alternative treatment options are inadequate. Limit dosages and durations to the minimum required. Follow patients for signs and symptoms of respiratory depression and sedation [see Warnings and Precautions (5.1) and Drug Interactions (7.2) ] . The use of benzodiazepines, including NAYZILAM, exposes users to risks of abuse, misuse, and addiction, which can lead to overdose or death. Abuse and misuse of benzodiazepines commonly involve concomitant use of other medications, alcohol, and/or illicit substances, which is associated with an increased frequency of serious adverse outcomes. Before prescribing NAYZILAM and throughout treatment, assess each patient's risk for abuse, misuse, and addiction [see Warnings and Precautions (5.2) ]. The continued use of benzodiazepines may lead to clinically significant physical dependence. The risks of dependence and withdrawal increase with longer treatment duration and higher daily dose. Although NAYZILAM is indicated only for intermittent use [see Indications and Usage (1) and Dosage and Administration (2) ] , if used more frequently than recommended abrupt discontinuation or rapid dosage reduction of NAYZILAM may precipitate acute withdrawal reactions, which can be life-threatening. For patients using NAYZILAM more frequently than recommended, to reduce the risk of withdrawal reactions, use a gradual taper to discontinue NAYZILAM [see Warnings and Precautions (5.3) ]. WARNING: RISKS FROM CONCOMITANT USE WITH OPIOIDS; ABUSE, MISUSE, AND ADDICTION; and DEPENDENCE AND WITHDRAWAL REACTIONS See full prescribing information for complete boxed warning. Concomitant use of benzodiazepines and opioids may result in profound sedation, respiratory depression, coma, and death ( 5.1 , 7.2 ) The use of benzodiazepines, including NAYZILAM, exposes users to risks of abuse, misuse, and addiction, which can lead to overdose or death. Before prescribing NAYZILAM and throughout treatment, assess each patient's risk for abuse, misuse, and addiction ( 5.2 ). Although NAYZILAM is indicated only for intermittent use ( 1 , 2 ), if used more frequently than recommended, abrupt discontinuation or rapid dosage reduction of NAYZILAM may precipitate acute withdrawal reactions, which can be life-threatening. For patients using NAYZILAM more frequently than recommended, to reduce the risk of withdrawal reactions, use a gradual taper to discontinue NAYZILAM ( 5.3 ).","FDA/DailyMed SPL; status=boxed_warning_found; setid=2b29422e-54d5-4a49-8522-e9cf752368c3; published=Jan 31, 2023; title=NAYZILAM (MIDAZOLAM) SPRAY [UCB, INC.]; url=https://dailymed.nlm.nih.gov/dailymed/drugInfo.cfm?setid=2b29422e-54d5-4a49-8522-e9cf752368c3",05-15-2026,2b29422e-54d5-4a49-8522-e9cf752368c3,"Jan 31, 2023","NAYZILAM (MIDAZOLAM) SPRAY [UCB, INC.]",https://dailymed.nlm.nih.gov/dailymed/drugInfo.cfm?setid=2b29422e-54d5-4a49-8522-e9cf752368c3,"WARNING: RISKS FROM CONCOMITANT USE WITH OPIOIDS; ABUSE, MISUSE, AND ADDICTION; and DEPENDENCE AND WITHDRAWAL REACTIONS",34066-1,nayzilam; seizalam; midazolam; Versed,4366ddbdbcead3419c690a98e74a56e04b8be1960176591ea80ca3cc817e2eb2
mirogabalin,no_current_fda_label,No current FDA/DailyMed label identified.,FDA/DailyMed search on 05-15-2026: no current label found for terms [mirogabalin; Tarlige].,05-15-2026,,,,,,,mirogabalin; Tarlige,c67d3026093804e38ce3e3a9f8038d1d17b5d1c3efbe1766729ddbf6430e936d
nitrazepam,no_current_fda_label,No current FDA/DailyMed label identified.,FDA/DailyMed search on 05-15-2026: no current label found for terms [nitrazepam; Mogadon; Alodorm; Nitrados].,05-15-2026,,,,,,,nitrazepam; Mogadon; Alodorm; Nitrados,c67d3026093804e38ce3e3a9f8038d1d17b5d1c3efbe1766729ddbf6430e936d
oxcarbazepine,no_boxed_warning_in_selected_label,No FDA boxed warning identified in selected current DailyMed label.,"FDA/DailyMed SPL; status=no_boxed_warning_in_selected_label; setid=4c5c86c8-ab7f-4fcf-bc1b-5a0b1fd0691b; published=Dec 18, 2025; title=TRILEPTAL (OXCARBAZEPINE) TABLET, FILM COATED TRILEPTAL (OXCARBAZEPINE) SUSPENSION [NOVARTIS PHARMACEUTICALS CORPORATION]; url=https://dailymed.nlm.nih.gov/dailymed/drugInfo.cfm?setid=4c5c86c8-ab7f-4fcf-bc1b-5a0b1fd0691b",05-15-2026,4c5c86c8-ab7f-4fcf-bc1b-5a0b1fd0691b,"Dec 18, 2025","TRILEPTAL (OXCARBAZEPINE) TABLET, FILM COATED TRILEPTAL (OXCARBAZEPINE) SUSPENSION [NOVARTIS PHARMACEUTICALS CORPORATION]",https://dailymed.nlm.nih.gov/dailymed/drugInfo.cfm?setid=4c5c86c8-ab7f-4fcf-bc1b-5a0b1fd0691b,,,trileptal; oxcarbazepine; Oxtellar XR,2e4628f652ce3c3f93c3cd1aadb2bba04203f648bc70f0e6d35c5b54d3cd3878
paraldehyde,no_current_fda_label,No current FDA/DailyMed label identified.,FDA/DailyMed search on 05-15-2026: no current label found for terms [paraldehyde].,05-15-2026,,,,,,,paraldehyde,c67d3026093804e38ce3e3a9f8038d1d17b5d1c3efbe1766729ddbf6430e936d
paramethadione,no_current_fda_label,No current FDA/DailyMed label identified.,FDA/DailyMed search on 05-15-2026: no current label found for terms [paramethadione; Paradione].,05-15-2026,,,,,,,paramethadione; Paradione,c67d3026093804e38ce3e3a9f8038d1d17b5d1c3efbe1766729ddbf6430e936d
perampanel,boxed_warning_found,"WARNING: SERIOUS PSYCHIATRIC AND BEHAVIORAL REACTIONS Serious or life-threatening psychiatric and behavioral adverse reactions including aggression, hostility, irritability, anger, and homicidal ideation and threats have been reported in patients taking FYCOMPA ( 5.1 ) . These reactions occurred in patients with and without prior psychiatric history, prior aggressive behavior, or concomitant use of medications associated with hostility and aggression ( 5.1 ) . Advise patients and caregivers to contact a healthcare provider immediately if any of these reactions or changes in mood, behavior, or personality that are not typical for the patient are observed while taking FYCOMPA or after discontinuing FYCOMPA ( 5.1 ) . Closely monitor patients particularly during the titration period and at higher doses ( 5.1 ) . FYCOMPA should be reduced if these symptoms occur and should be discontinued immediately if symptoms are severe or are worsening ( 5.1 ) . WARNING: SERIOUS PSYCHIATRIC AND BEHAVIORAL REACTIONS See full prescribing information for complete boxed warning. Serious or life-threatening psychiatric and behavioral adverse reactions including aggression, hostility, irritability, anger, and homicidal ideation and threats have been reported in patients taking FYCOMPA ( 5.1 ) Monitor patients for these reactions as well as for changes in mood, behavior, or personality that are not typical for the patient, particularly during the titration period and at higher doses ( 5.1 ) FYCOMPA should be reduced if these symptoms occur and should be discontinued immediately if symptoms are severe or are worsening ( 5.1 )","FDA/DailyMed SPL; status=boxed_warning_found; setid=71cf3309-e182-473c-8b0b-280cabd0e122; published=Jan 28, 2026; title=FYCOMPA (PERAMPANEL) TABLET FYCOMPA (PERAMPANEL) SUSPENSION [EISAI INC.]; url=https://dailymed.nlm.nih.gov/dailymed/drugInfo.cfm?setid=71cf3309-e182-473c-8b0b-280cabd0e122",05-15-2026,71cf3309-e182-473c-8b0b-280cabd0e122,"Jan 28, 2026",FYCOMPA (PERAMPANEL) TABLET FYCOMPA (PERAMPANEL) SUSPENSION [EISAI INC.],https://dailymed.nlm.nih.gov/dailymed/drugInfo.cfm?setid=71cf3309-e182-473c-8b0b-280cabd0e122,WARNING: SERIOUS PSYCHIATRIC AND BEHAVIORAL REACTIONS,34066-1,fycompa; perampanel,62c87204209237f9451aebf1711a1fd8f0391d728e177f798e123ea4f8642fd1
phenacemide,no_current_fda_label,No current FDA/DailyMed label identified.,FDA/DailyMed search on 05-15-2026: no current label found for terms [phenacemide; Phenurone].,05-15-2026,,,,,,,phenacemide; Phenurone,c67d3026093804e38ce3e3a9f8038d1d17b5d1c3efbe1766729ddbf6430e936d
pheneturide,no_current_fda_label,No current FDA/DailyMed label identified.,FDA/DailyMed search on 05-15-2026: no current label found for terms [pheneturide; Benuride].,05-15-2026,,,,,,,pheneturide; Benuride,c67d3026093804e38ce3e3a9f8038d1d17b5d1c3efbe1766729ddbf6430e936d
phenobarbital,boxed_warning_found,"WARNING: RISKS FROM CONCOMITANT USE WITH OPIOIDS; DEPENDENCE AND WITHDRAWAL REACTIONS AFTER USE OF SEZABY FOR A LONGER DURATION THAN RECOMMENDED; and ABUSE, MISUSE AND ADDICTION WITH UNAPPROVED USE IN ADOLESCENTS AND ADULTS Risks from Concomitant Use with Opioids Concomitant use of phenobarbital products, including SEZABY, and opioids may result in profound sedation, respiratory depression, coma, and death. Reserve concomitant prescribing of these drugs for patients for whom alternative treatment options are inadequate. If a decision is made for concomitant use of these drugs, limit dosages and durations to the minimum required, and follow patients for signs and symptoms of respiratory depression and sedation [see Warnings and Precautions (5.1) and Drug Interactions (7.3)]. Dependence and Withdrawal Reactions After Use of SEZABY for a Longer Duration than Recommended The continued use of phenobarbital may lead to clinically significant physical dependence. The risks of dependence and withdrawal increase with longer treatment duration and higher daily dose. Although SEZABY is indicated only for short-term use [see Indications and Usage (1) and Dosage and Administration (2)], if used for a longer duration than recommended, abrupt discontinuation or rapid dosage reduction of SEZABY may precipitate acute withdrawal reactions, which can be life-threatening. For patients receiving SEZABY for longer duration than recommended, to reduce the risk of withdrawal reactions, use a gradual taper to discontinue SEZABY [see Warnings and Precautions (5.2)]. Abuse, Misuse, and Addiction with Unapproved Use in Adolescents and Adults SEZABY is not approved for use in adolescents or adults. The unapproved use of SEZABY, in adolescents and adults exposes them to risks of abuse, misuse, and addiction, which can lead to overdose or death. Abuse and misuse of phenobarbital commonly involve concomitant use of other drugs, alcohol, and/or illicit substances, which is associated with an increased frequency of serious adverse outcomes [see Warnings and Precaution (5.3)]. WARNING: RISKS FROM CONCOMITANT USE WITH OPIOIDS; DEPENDENCE AND WITHDRAWAL REACTIONS AFTER USE OF SEZABY FOR A LONGER DURATION THAN RECOMMENDED; and ABUSE, MISUSE, AND ADDICTION WITH UNAPPROVED USE IN ADOLESCENTS AND ADULTS See full prescribing information for complete boxed warning . Concomitant use of phenobarbital products, including SEZABY, and opioids may result in profound sedation, respiratory depression, coma, and death. If a decision is made to use concomitantly, limit dosages and durations to the minimum required, and monitor patients for respiratory depression and sedation. (5.1, 7.3) Although SEZABY is indicated only for short-term use (1, 2), if used for a longer duration than recommended, abrupt discontinuation or rapid dosage reduction may precipitate acute withdrawal reactions, which can be life-threatening. For patients receiving SEZABY for a longer duration than recommended, to reduce the risk of withdrawal reactions, use a gradual taper to discontinue SEZABY. (5.2) SEZABY is not approved for use in adolescents or adults. The unapproved use of SEZABY in adolescents and adults exposes them to risks of abuse, misuse, and addiction, which can lead to overdose or death. (5.3)","FDA/DailyMed SPL; status=boxed_warning_found; setid=8c7d0402-4977-4c25-bc4b-11db91339e9a; published=Dec 26, 2025; title=SEZABY (PHENOBARBITAL SODIUM) INJECTION [SUN PHARMACEUTICAL INDUSTRIES, INC.]; url=https://dailymed.nlm.nih.gov/dailymed/drugInfo.cfm?setid=8c7d0402-4977-4c25-bc4b-11db91339e9a",05-15-2026,8c7d0402-4977-4c25-bc4b-11db91339e9a,"Dec 26, 2025","SEZABY (PHENOBARBITAL SODIUM) INJECTION [SUN PHARMACEUTICAL INDUSTRIES, INC.]",https://dailymed.nlm.nih.gov/dailymed/drugInfo.cfm?setid=8c7d0402-4977-4c25-bc4b-11db91339e9a,"WARNING: RISKS FROM CONCOMITANT USE WITH OPIOIDS; DEPENDENCE AND WITHDRAWAL REACTIONS AFTER USE OF SEZABY FOR A LONGER DURATION THAN RECOMMENDED; and ABUSE, MISUSE AND ADDICTION WITH UNAPPROVED USE IN ADOLESCENTS AND ADULTS",34066-1,sezaby; phenobarbital; phenobarbitone; Luminal; Phenobarb; Solfoton,6573d1376f1d37c82393f1c430ca7610cad872c6c31fcb7a1f235ba242c57720
phensuximide,no_current_fda_label,No current FDA/DailyMed label identified.,FDA/DailyMed search on 05-15-2026: no current label found for terms [phensuximide; Milontin].,05-15-2026,,,,,,,phensuximide; Milontin,c67d3026093804e38ce3e3a9f8038d1d17b5d1c3efbe1766729ddbf6430e936d
phenytoin,boxed_warning_found,"WARNING: CARIOVASCULAR RISK ASSOCIATED WITH RAPID INFUSION WARNING: CARDIOVASCULAR RISK ASSOCIATED WITH RAPID INFUSION The rate of intravenous Phenytoin Sodium Injection administration should not exceed 50 mg per minutes in adults and 1 to 3 mg/min (or 50 mg per minute, whichever is slower) in pediatric patients because of the risk of severe hypotension and cardiac arrhythmias. Careful cardiac monitoring is needed during and after administering intravenous Phenytoin Sodium Injection. Although the risk of cardiovascular toxicity increases with infusion rates above the recommended infusion rate, these events have also been reported at or below the recommended infusion rate. Reduction in rate of administration or discontinuation of dosing may be needed [see Dosage and Administration (2.1) and Warnings and Precautions (5.1)]. See full prescribing information for complete boxed warning. • The rate of intravenous Phenytoin Sodium Injection administration should not exceed 50 mg per minute in adults and 1 to 3 mg/kg/min (or 50 mg per minute, whichever is slower) in pediatric patients because of the risk of severe hypotension and cardiac arrhythmias. • Careful cardiac monitoring is needed during and after administering intravenous Phenytoin Sodium Injection. • Reduction in rate of administration or discontinuation of dosing may be needed (2.1, 5.1)","FDA/DailyMed SPL; status=boxed_warning_found; setid=a52cf1bd-dc1f-47be-aba8-29066d9a50fb; published=; title=Phenytoin Sodium Injection, USP Rx Only These highlights do not include all the information needed to use PHENYTOIN SODIUM INJECTION safely and effectively. See full prescribing information for PHENYTOIN SODIUM INJECTION. PHENYTOIN Sodium Injection for intravenous or intramuscular use Initial U.S. Approval: 1953; url=https://dailymed.nlm.nih.gov/dailymed/drugInfo.cfm?setid=a52cf1bd-dc1f-47be-aba8-29066d9a50fb",05-15-2026,a52cf1bd-dc1f-47be-aba8-29066d9a50fb,,"Phenytoin Sodium Injection, USP Rx Only These highlights do not include all the information needed to use PHENYTOIN SODIUM INJECTION safely and effectively. See full prescribing information for PHENYTOIN SODIUM INJECTION. PHENYTOIN Sodium Injection for intravenous or intramuscular use Initial U.S. Approval: 1953",https://dailymed.nlm.nih.gov/dailymed/drugInfo.cfm?setid=a52cf1bd-dc1f-47be-aba8-29066d9a50fb,WARNING: CARIOVASCULAR RISK ASSOCIATED WITH RAPID INFUSION,34066-1,phenytoin injection; phenytoin sodium injection; dilantin; phenytoin; Epanutin; Phenytek; Phenytoin Sodium Flynn,9431ece0f26385c669fe13f09ae38fc95a443b42cbcb1075d376d735c7f9961a
piracetam,no_current_fda_label,No current FDA/DailyMed label identified.,FDA/DailyMed search on 05-15-2026: no current label found for terms [piracetam; Nootropil].,05-15-2026,,,,,,,piracetam; Nootropil,c67d3026093804e38ce3e3a9f8038d1d17b5d1c3efbe1766729ddbf6430e936d
potassium bromide,no_boxed_warning_in_selected_label,No FDA boxed warning identified in selected current DailyMed label.,"FDA/DailyMed SPL; status=no_boxed_warning_in_selected_label; setid=c77c8feb-0240-4ea3-9c89-3b972feb0538; published=May 07, 2026; title=POTASSIUM BROMIDE POWDER [AX PHARMACEUTICAL CORP]; url=https://dailymed.nlm.nih.gov/dailymed/drugInfo.cfm?setid=c77c8feb-0240-4ea3-9c89-3b972feb0538",05-15-2026,c77c8feb-0240-4ea3-9c89-3b972feb0538,"May 07, 2026",POTASSIUM BROMIDE POWDER [AX PHARMACEUTICAL CORP],https://dailymed.nlm.nih.gov/dailymed/drugInfo.cfm?setid=c77c8feb-0240-4ea3-9c89-3b972feb0538,,,potassium bromide; bromide,2e4628f652ce3c3f93c3cd1aadb2bba04203f648bc70f0e6d35c5b54d3cd3878
pregabalin,no_boxed_warning_in_selected_label,No FDA boxed warning identified in selected current DailyMed label.,"FDA/DailyMed SPL; status=no_boxed_warning_in_selected_label; setid=f280bbd8-2af2-444a-bd96-e409337ca6dd; published=Apr 15, 2026; title=LYRICA CR (PREGABALIN) TABLET, FILM COATED, EXTENDED RELEASE [VIATRIS SPECIALTY LLC]; url=https://dailymed.nlm.nih.gov/dailymed/drugInfo.cfm?setid=f280bbd8-2af2-444a-bd96-e409337ca6dd",05-15-2026,f280bbd8-2af2-444a-bd96-e409337ca6dd,"Apr 15, 2026","LYRICA CR (PREGABALIN) TABLET, FILM COATED, EXTENDED RELEASE [VIATRIS SPECIALTY LLC]",https://dailymed.nlm.nih.gov/dailymed/drugInfo.cfm?setid=f280bbd8-2af2-444a-bd96-e409337ca6dd,,,lyrica; pregabalin; Alzain,2e4628f652ce3c3f93c3cd1aadb2bba04203f648bc70f0e6d35c5b54d3cd3878
primidone,no_boxed_warning_in_selected_label,No FDA boxed warning identified in selected current DailyMed label.,"FDA/DailyMed SPL; status=no_boxed_warning_in_selected_label; setid=af593171-dabb-4ea3-b44c-89ed457b2c46; published=Aug 12, 2020; title=MYSOLINE (PRIMIDONE) TABLET [BAUSCH HEALTH US, LLC]; url=https://dailymed.nlm.nih.gov/dailymed/drugInfo.cfm?setid=af593171-dabb-4ea3-b44c-89ed457b2c46",05-15-2026,af593171-dabb-4ea3-b44c-89ed457b2c46,"Aug 12, 2020","MYSOLINE (PRIMIDONE) TABLET [BAUSCH HEALTH US, LLC]",https://dailymed.nlm.nih.gov/dailymed/drugInfo.cfm?setid=af593171-dabb-4ea3-b44c-89ed457b2c46,,,mysoline; primidone; Enodama,2e4628f652ce3c3f93c3cd1aadb2bba04203f648bc70f0e6d35c5b54d3cd3878
progabide,no_current_fda_label,No current FDA/DailyMed label identified.,FDA/DailyMed search on 05-15-2026: no current label found for terms [progabide; Gabrene].,05-15-2026,,,,,,,progabide; Gabrene,c67d3026093804e38ce3e3a9f8038d1d17b5d1c3efbe1766729ddbf6430e936d
pyridoxine,no_current_fda_label,No current FDA/DailyMed label identified.,FDA/DailyMed search on 05-15-2026: no current label found for terms [pyridoxine; vitamin B6; Aminoxin; Beesix; Hexa-Betalin; Nestrex; Pyridox].,05-15-2026,,,,,,,pyridoxine; vitamin B6; Aminoxin; Beesix; Hexa-Betalin; Nestrex; Pyridox,c67d3026093804e38ce3e3a9f8038d1d17b5d1c3efbe1766729ddbf6430e936d
rufinamide,no_boxed_warning_in_selected_label,No FDA boxed warning identified in selected current DailyMed label.,"FDA/DailyMed SPL; status=no_boxed_warning_in_selected_label; setid=0a3fa925-1abd-458a-bd57-4ae780a1ef2d; published=Nov 18, 2024; title=BANZEL (RUFINAMIDE) TABLET, FILM COATED BANZEL (RUFINAMIDE) SUSPENSION [EISAI INC.]; url=https://dailymed.nlm.nih.gov/dailymed/drugInfo.cfm?setid=0a3fa925-1abd-458a-bd57-4ae780a1ef2d",05-15-2026,0a3fa925-1abd-458a-bd57-4ae780a1ef2d,"Nov 18, 2024","BANZEL (RUFINAMIDE) TABLET, FILM COATED BANZEL (RUFINAMIDE) SUSPENSION [EISAI INC.]",https://dailymed.nlm.nih.gov/dailymed/drugInfo.cfm?setid=0a3fa925-1abd-458a-bd57-4ae780a1ef2d,,,banzel; rufinamide; Inovelon,2e4628f652ce3c3f93c3cd1aadb2bba04203f648bc70f0e6d35c5b54d3cd3878
seletracetam,no_current_fda_label,No current FDA/DailyMed label identified.,FDA/DailyMed search on 05-15-2026: no current label found for terms [seletracetam].,05-15-2026,,,,,,,seletracetam,c67d3026093804e38ce3e3a9f8038d1d17b5d1c3efbe1766729ddbf6430e936d
sodium valproate,boxed_warning_found,"WARNING: LIFE THREATENING ADVERSE REACTIONS WARNING: LIFE THREATENING ADVERSE REACTIONS See full prescribing information for complete boxed warning Hepatotoxicity, including fatalities, usually during the first 6 months of treatment. Children under the age of two years and patients with mitochondrial disorders are at higher risk. Monitor patients closely, and perform serum liver testing prior to therapy and at frequent intervals thereafter ( 5.1 ) Fetal Risk, particularly neural tube defects, other major malformations, and decreased IQ ( 5.2 , 5.3 , 5.4 ) Pancreatitis, including fatal hemorrhagic cases ( 5.5 ) Hepatotoxicity General Population: Hepatic failure resulting in fatalities has occurred in patients receiving valproate and its derivatives. These incidents usually have occurred during the first six months of treatment. Serious or fatal hepatotoxicity may be preceded by non-specific symptoms such as malaise, weakness, lethargy, facial edema, anorexia, and vomiting. In patients with epilepsy, a loss of seizure control may also occur. Patients should be monitored closely for appearance of these symptoms. Serum liver tests should be performed prior to therapy and at frequent intervals thereafter, especially during the first six months [see Warnings and Precautions ( 5.1 )] . Children under the age of two years are at a considerably increased risk of developing fatal hepatotoxicity, especially those on multiple anticonvulsants, those with congenital metabolic disorders, those with severe seizure disorders accompanied by mental retardation, and those with organic brain disease. When Valproate Sodium Injection is used in this patient group, it should be used with extreme caution and as a sole agent. The benefits of therapy should be weighed against the risks. The incidence of fatal hepatotoxicity decreases considerably in progressively older patient groups. Patients with Mitochondrial Disease: There is an increased risk of valproate-induced acute liver failure and resultant deaths in patients with hereditary neurometabolic syndromes caused by DNA mutations of the mitochondrial DNA Polymerase γ (POLG) gene (e.g. Alpers Huttenlocher Syndrome). Valproate Sodium Injection is contraindicated in patients known to have mitochondrial disorders caused by POLG mutations and children under two years of age who are clinically suspected of having a mitochondrial disorder [see Contraindications ( 4 )] . In patients over two years of age who are clinically suspected of having a hereditary mitochondrial disease, Valproate Sodium Injection should only be used after other anticonvulsants have failed. This older group of patients should be closely monitored during treatment with Valproate Sodium Injection for the development of acute liver injury with regular clinical assessments and serum liver testing. POLG mutation screening should be performed in accordance with current clinical practice [see Warnings and Precautions ( 5.1 )] . Fetal Risk Valproate can cause major congenital malformations, particularly neural tube defects (e.g., spina bifida). In addition, valproate can cause decreased IQ scores and neurodevelopmental disorders following in utero exposure. Valproate is therefore contraindicated for prophylaxis of migraine headaches in pregnant women and in women of childbearing potential who are not using effective contraception [see Contraindications ( 4 )] . Valproate should not be used to treat women with epilepsy or bipolar disorder who are pregnant or who plan to become pregnant unless other medications have failed to provide adequate symptom control or are otherwise unacceptable. Valproate should not be administered to a woman of childbearing potential unless other medications have failed to provide adequate symptom control or are otherwise unacceptable. In such situations, effective contraception should be used [see Warnings and Precautions ( 5.2 , 5.3 , 5.4 ) and Patient Counseling Information ( 17 )]. Pancreatitis Cases of life-threatening pancreatitis have been reported in both children and adults receiving valproate. Some of the cases have been described as hemorrhagic with a rapid progression from initial symptoms to death. Cases have been reported shortly after initial use as well as after several years of use. Patients and guardians should be warned that abdominal pain, nausea, vomiting, and/or anorexia can be symptoms of pancreatitis that require prompt medical evaluation. If pancreatitis is diagnosed, valproate should ordinarily be discontinued. Alternative treatment for the underlying medical condition should be initiated as clinically indicated [see Warnings and Precautions ( 5.5 )].","FDA/DailyMed SPL; status=boxed_warning_found; setid=8d5fc1c1-d3c0-497e-971b-6c4dba9a3fad; published=Dec 15, 2025; title=VALPROATE SODIUM INJECTION, SOLUTION [SAGENT PHARMACEUTICALS]; url=https://dailymed.nlm.nih.gov/dailymed/drugInfo.cfm?setid=8d5fc1c1-d3c0-497e-971b-6c4dba9a3fad",05-15-2026,8d5fc1c1-d3c0-497e-971b-6c4dba9a3fad,"Dec 15, 2025","VALPROATE SODIUM INJECTION, SOLUTION [SAGENT PHARMACEUTICALS]",https://dailymed.nlm.nih.gov/dailymed/drugInfo.cfm?setid=8d5fc1c1-d3c0-497e-971b-6c4dba9a3fad,WARNING: LIFE THREATENING ADVERSE REACTIONS,34066-1,valproate sodium; valproic acid; sodium valproate; Depacon; Dyzantil; Epilim; Epilim Chrono; Epilim Chronosphere; Episenta; Epival; Valpro,a60210c0678aa3eb21f872e98a412fb4081996799ec377f4fc69d0ea2ce6a9cc
stiripentol,no_boxed_warning_in_selected_label,No FDA boxed warning identified in selected current DailyMed label.,"FDA/DailyMed SPL; status=no_boxed_warning_in_selected_label; setid=58304ba8-9779-4658-811e-94ffe08c3f16; published=Apr 30, 2026; title=DIACOMIT (STIRIPENTOL) CAPSULE DIACOMIT (STIRIPENTOL) POWDER, FOR SUSPENSION [BIOCODEX, INC.]; url=https://dailymed.nlm.nih.gov/dailymed/drugInfo.cfm?setid=58304ba8-9779-4658-811e-94ffe08c3f16",05-15-2026,58304ba8-9779-4658-811e-94ffe08c3f16,"Apr 30, 2026","DIACOMIT (STIRIPENTOL) CAPSULE DIACOMIT (STIRIPENTOL) POWDER, FOR SUSPENSION [BIOCODEX, INC.]",https://dailymed.nlm.nih.gov/dailymed/drugInfo.cfm?setid=58304ba8-9779-4658-811e-94ffe08c3f16,,,diacomit; stiripentol,2e4628f652ce3c3f93c3cd1aadb2bba04203f648bc70f0e6d35c5b54d3cd3878
sultiame,no_current_fda_label,No current FDA/DailyMed label identified.,FDA/DailyMed search on 05-15-2026: no current label found for terms [sultiame; sulthiame; Ospolot].,05-15-2026,,,,,,,sultiame; sulthiame; Ospolot,c67d3026093804e38ce3e3a9f8038d1d17b5d1c3efbe1766729ddbf6430e936d
temazepam,boxed_warning_found,"WARNING: RISKS FROM CONCOMITANT USE WITH OPIOIDS; ABUSE, MISUSE, AND ADDICTION; and DEPENDENCE AND WITHDRAWAL REACTIONS Concomitant use of benzodiazepines and opioids may result in profound sedation, respiratory depression, coma, and death. Reserve concomitant prescribing of these drugs in patients for whom alternative treatment options are inadequate. Limit dosages and durations to the minimum required. Follow patients for signs and symptoms of respiratory depression and sedation ( see WARNINGS and PRECAUTIONS ). The use of benzodiazepines, including Restoril, exposes users to risks of abuse, misuse, and addiction, which can lead to overdose or death. Abuse and misuse of benzodiazepines commonly involve concomitant use of other medications, alcohol, and/or illicit substances, which is associated with an increased frequency of serious adverse outcomes. Before prescribing Restoril and throughout treatment, assess each patient’s risk for abuse, misuse, and addiction ( see WARNINGS ). The continued use of benzodiazepines, including Restoril, may lead to clinically significant physical dependence. The risks of dependence and withdrawal increase with longer treatment duration and higher daily dose. Abrupt discontinuation or rapid dosage reduction of Restoril after continued use may precipitate acute withdrawal reactions, which can be life-threatening. To reduce the risk of withdrawal reactions, use a gradual taper to discontinue Restoril or reduce the dosage ( see DOSAGE AND ADMINISTRATION and WARNINGS ).","FDA/DailyMed SPL; status=boxed_warning_found; setid=bc56f7fd-1aaf-48ff-8aa7-d467e59e1015; published=May 17, 2024; title=RESTORIL (TEMAZEPAM) CAPSULE [SPECGX LLC]; url=https://dailymed.nlm.nih.gov/dailymed/drugInfo.cfm?setid=bc56f7fd-1aaf-48ff-8aa7-d467e59e1015",05-15-2026,bc56f7fd-1aaf-48ff-8aa7-d467e59e1015,"May 17, 2024",RESTORIL (TEMAZEPAM) CAPSULE [SPECGX LLC],https://dailymed.nlm.nih.gov/dailymed/drugInfo.cfm?setid=bc56f7fd-1aaf-48ff-8aa7-d467e59e1015,"WARNING: RISKS FROM CONCOMITANT USE WITH OPIOIDS; ABUSE, MISUSE, AND ADDICTION; and DEPENDENCE AND WITHDRAWAL REACTIONS",34066-1,restoril; temazepam; Normison,2c5abb015a6d714764e8536bcf34a73584866182eb6e52e11ace30f30c0216ac
tiagabine,no_boxed_warning_in_selected_label,No FDA boxed warning identified in selected current DailyMed label.,"FDA/DailyMed SPL; status=no_boxed_warning_in_selected_label; setid=72b7f357-8827-4a8b-b55a-01fbce47ae80; published=Aug 08, 2016; title=GABITRIL (TIAGABINE HYDROCHLORIDE) TABLET, FILM COATED [CARILION MATERIALS MANAGEMENT]; url=https://dailymed.nlm.nih.gov/dailymed/drugInfo.cfm?setid=72b7f357-8827-4a8b-b55a-01fbce47ae80",05-15-2026,72b7f357-8827-4a8b-b55a-01fbce47ae80,"Aug 08, 2016","GABITRIL (TIAGABINE HYDROCHLORIDE) TABLET, FILM COATED [CARILION MATERIALS MANAGEMENT]",https://dailymed.nlm.nih.gov/dailymed/drugInfo.cfm?setid=72b7f357-8827-4a8b-b55a-01fbce47ae80,,,gabitril; tiagabine,2e4628f652ce3c3f93c3cd1aadb2bba04203f648bc70f0e6d35c5b54d3cd3878
topiramate,no_boxed_warning_in_selected_label,No FDA boxed warning identified in selected current DailyMed label.,"FDA/DailyMed SPL; status=no_boxed_warning_in_selected_label; setid=21628112-0c47-11df-95b3-498d55d89593; published=Mar 16, 2026; title=TOPAMAX (TOPIRAMATE) TABLET, COATED TOPAMAX (TOPIRAMATE) CAPSULE, COATED PELLETS [JANSSEN PHARMACEUTICALS, INC.]; url=https://dailymed.nlm.nih.gov/dailymed/drugInfo.cfm?setid=21628112-0c47-11df-95b3-498d55d89593",05-15-2026,21628112-0c47-11df-95b3-498d55d89593,"Mar 16, 2026","TOPAMAX (TOPIRAMATE) TABLET, COATED TOPAMAX (TOPIRAMATE) CAPSULE, COATED PELLETS [JANSSEN PHARMACEUTICALS, INC.]",https://dailymed.nlm.nih.gov/dailymed/drugInfo.cfm?setid=21628112-0c47-11df-95b3-498d55d89593,,,topamax; topiramate; Eprontia; Qudexy XR; Topamax Sprinkle; Trokendi XR,2e4628f652ce3c3f93c3cd1aadb2bba04203f648bc70f0e6d35c5b54d3cd3878
trimethadione,no_current_fda_label,No current FDA/DailyMed label identified.,FDA/DailyMed search on 05-15-2026: no current label found for terms [trimethadione; Tridione].,05-15-2026,,,,,,,trimethadione; Tridione,c67d3026093804e38ce3e3a9f8038d1d17b5d1c3efbe1766729ddbf6430e936d
valnoctamide,no_current_fda_label,No current FDA/DailyMed label identified.,FDA/DailyMed search on 05-15-2026: no current label found for terms [valnoctamide; Nirvanil].,05-15-2026,,,,,,,valnoctamide; Nirvanil,c67d3026093804e38ce3e3a9f8038d1d17b5d1c3efbe1766729ddbf6430e936d
valproic acid,boxed_warning_found,"WARNING: LIFE THREATENING ADVERSE REACTIONS Hepatotoxicity General Population: Hepatic failure resulting in fatalities has occurred in patients receiving valproate and its derivatives. These incidents usually have occurred during the first six months of treatment. Serious or fatal hepatotoxicity may be preceded by non-specific symptoms such as malaise, weakness, lethargy, facial edema, anorexia, and vomiting. In patients with epilepsy, a loss of seizure control may also occur. Patients should be monitored closely for appearance of these symptoms. Serum liver tests should be performed prior to therapy and at frequent intervals thereafter, especially during the first six months [see Warnings and Precautions ( 5.1 ) ]. Children under the age of two years are at a considerably increased risk of developing fatal hepatotoxicity, especially those on multiple anticonvulsants, those with congenital metabolic disorders, those with severe seizure disorders accompanied by mental retardation, and those with organic brain disease. When valproic acid products are used in this patient group, they should be used with extreme caution and as a sole agent. The benefits of therapy should be weighed against the risks. The incidence of fatal hepatotoxicity decreases considerably in progressively older patient groups. Patients with Mitochondrial Disease: There is an increased risk of valproate-induced acute liver failure and resultant deaths in patients with hereditary neurometabolic syndromes caused by DNA mutations of the mitochondrial DNA Polymerase γ (POLG) gene (e.g. Alpers Huttenlocher Syndrome). Valproic acid oral solution is contraindicated in patients known to have mitochondrial disorders caused by POLG mutations and children under two years of age who are clinically suspected of having a mitochondrial disorder [see Contraindications ( 4 ) ]. In patients over two years of age who are clinically suspected of having a hereditary mitochondrial disease, valproic acid oral solution should only be used after other anticonvulsants have failed. This older group of patients should be closely monitored during treatment with valproic acid oral solution for the development of acute liver injury with regular clinical assessments and serum liver testing. POLG mutation screening should be performed in accordance with current clinical practice [see Warnings and Precautions ( 5.1 ) ]. Fetal Risk Valproate can cause major congenital malformations, particularly neural tube defects (e.g., spina bifida). In addition, valproate can cause decreased IQ scores and neurodevelopmental disorders following in utero exposure. Valproate is therefore contraindicated for prophylaxis of migraine headaches in pregnant women and in women of childbearing potential who are not using effective contraception [ see Contraindications ( 4 ) ]. Valproate should not be used to treat women with epilepsy or bipolar disorder who are pregnant or plan to become pregnant unless other medications have failed to provide adequate symptom control or are otherwise unacceptable. Valproate should not be administered to a woman of childbearing potential unless other medications have failed to provide adequate symptom control or are otherwise unacceptable. In such situations, effective contraception should be used [see Warnings and Precautions ( 5.2 , 5.3 , 5.4 ) ]. A Medication Guide describing the risks of valproate is available for patients [see Patient Counseling Information ( 17 ) ]. Pancreatitis Cases of life-threatening pancreatitis have been reported in both children and adults receiving valproate. Some of the cases have been described as hemorrhagic with a rapid progression from initial symptoms to death. Cases have been reported shortly after initial use as well as after several years of use. Patients and guardians should be warned that abdominal pain, nausea, vomiting, and/or anorexia can be symptoms of pancreatitis that require prompt medical evaluation. If pancreatitis is diagnosed, valproate should ordinarily be discontinued. Alternative treatment for the underlying medical condition should be initiated as clinically indicated [see Warnings and Precautions ( 5.5 ) ]. WARNING: LIFE THREATENING ADVERSE REACTIONS See full prescribing information for complete boxed warning. Hepatotoxicity, including fatalities, usually during the first 6 months of treatment. Children under the age of two years and patients with mitochondrial disorders are at higher risk. Monitor patients closely, and perform serum liver testing prior to therapy and at frequent intervals thereafter ( 5.1 ) Fetal Risk, particularly neural tube defects, other major malformations, and decreased IQ ( 5.2 , 5.3 , 5.4 ) Pancreatitis, including fatal hemorrhagic cases ( 5.5 )","FDA/DailyMed SPL; status=boxed_warning_found; setid=8051ad62-3b6e-461e-8090-60f5c0a904f4; published=Apr 28, 2026; title=VALPROIC ACID SOLUTION [CHARTWELL RX, LLC]; url=https://dailymed.nlm.nih.gov/dailymed/drugInfo.cfm?setid=8051ad62-3b6e-461e-8090-60f5c0a904f4",05-15-2026,8051ad62-3b6e-461e-8090-60f5c0a904f4,"Apr 28, 2026","VALPROIC ACID SOLUTION [CHARTWELL RX, LLC]",https://dailymed.nlm.nih.gov/dailymed/drugInfo.cfm?setid=8051ad62-3b6e-461e-8090-60f5c0a904f4,WARNING: LIFE THREATENING ADVERSE REACTIONS,34066-1,depakene; valproic acid; Convulex; Depakine; Depakyn; Dyzantil; Epilim Chrono; Epilim Chronosphere; Stavzor,51bbeb02f683198b7cf463c357deb4b16d3f76de201434ddc1b885461388bcf0
valpromide,no_current_fda_label,No current FDA/DailyMed label identified.,FDA/DailyMed search on 05-15-2026: no current label found for terms [valpromide; Depamide; Depamid].,05-15-2026,,,,,,,valpromide; Depamide; Depamid,c67d3026093804e38ce3e3a9f8038d1d17b5d1c3efbe1766729ddbf6430e936d
vigabatrin,boxed_warning_found,"WARNING: PERMANENT VISION LOSS SABRIL can cause permanent bilateral concentric visual field constriction including tunnel vision that can result in disability . In some cases, SABRIL also can damage the central retina and may decrease visual acuity [see Warnings and Precautions ( 5.1 )]. The onset of vision loss from SABRIL is unpredictable, and can occur within weeks of starting treatment or sooner, or at any time after starting treatment, even after months or years. Symptoms of vision loss from SABRIL are unlikely to be recognized by patients or caregivers before vision loss is severe. Vision loss of milder severity, while often unrecognized by the patient or caregiver, can still adversely affect function. The risk of vision loss increases with increasing dose and cumulative exposure, but there is no dose or exposure known to be free of risk of vision loss. Vision assessment is recommended at baseline (no later than 4 weeks after starting SABRIL), at least every 3 months during therapy, and about 3 to 6 months after the discontinuation of therapy. Once detected, vision loss due to SABRIL is not reversible. It is expected that, even with frequent monitoring, some patients will develop severe vision loss. Consider drug discontinuation, balancing benefit and risk, if visual loss is documented. Risk of new or worsening vision loss continues as long as SABRIL is used. It is possible that vision loss can worsen despite discontinuation of SABRIL. Because of the risk of visual loss, SABRIL should be withdrawn from patients with refractory complex partial seizures who fail to show substantial clinical benefit within 3 months of initiation and within 2-4 weeks of initiation for patients with infantile spasms, or sooner if treatment failure becomes obvious. Patient response to and continued need for SABRIL should be periodically reassessed. SABRIL should not be used in patients with, or at high risk of, other types of irreversible vision loss unless the benefits of treatment clearly outweigh the risks. SABRIL should not be used with other drugs associated with serious adverse ophthalmic effects such as retinopathy or glaucoma unless the benefits clearly outweigh the risks. Use the lowest dosage and shortest exposure to SABRIL consistent with clinical objectives [see Dosage and Administration ( 2.1 )]. Because of the risk of permanent vision loss, SABRIL is available only through a restricted program under a Risk Evaluation and Mitigation Strategy (REMS) called the Vigabatrin REMS Program [see Warnings and Precautions ( 5.2 ) ] . Further information is available at www.vigabatrinREMS.com or 1-866-244-8175. WARNING: PERMANENT VISION LOSS See full prescribing information for complete boxed warning. SABRIL can cause permanent bilateral concentric visual field constriction, including tunnel vision that can result in disability. In some cases, SABRIL may also decrease visual acuity ( 5.1 ). Risk increases with increasing dose and cumulative exposure, but there is no dose or exposure to SABRIL known to be free of risk of vision loss ( 5.1 ). Risk of new and worsening vision loss continues as long as SABRIL is used, and possibly after discontinuing SABRIL ( 5.1 ). Baseline and periodic vision assessment is recommended for patients on SABRIL. However, this assessment cannot always prevent vision damage ( 5.1 ). SABRIL is available only through a restricted program called the Vigabatrin REMS Program ( 5.2 ).","FDA/DailyMed SPL; status=boxed_warning_found; setid=a5d389d2-d0e1-4395-a2a2-b552808e7f98; published=Dec 17, 2025; title=SABRIL (VIGABATRIN) TABLET, FILM COATED [LUNDBECK PHARMACEUTICALS LLC]; url=https://dailymed.nlm.nih.gov/dailymed/drugInfo.cfm?setid=a5d389d2-d0e1-4395-a2a2-b552808e7f98",05-15-2026,a5d389d2-d0e1-4395-a2a2-b552808e7f98,"Dec 17, 2025","SABRIL (VIGABATRIN) TABLET, FILM COATED [LUNDBECK PHARMACEUTICALS LLC]",https://dailymed.nlm.nih.gov/dailymed/drugInfo.cfm?setid=a5d389d2-d0e1-4395-a2a2-b552808e7f98,WARNING: PERMANENT VISION LOSS,34066-1,sabril; vigabatrin; Kigabeq; Vigafyde,62af8947ec4e8a668acd211da0da8691e3e53a8073e4b7bd795bdf6297b437de
zonisamide,no_boxed_warning_in_selected_label,No FDA boxed warning identified in selected current DailyMed label.,"FDA/DailyMed SPL; status=no_boxed_warning_in_selected_label; setid=d12de43e-3ac3-4335-bc85-70d7366a91eb; published=Oct 03, 2025; title=ZONEGRAN (ZONISAMIDE) CAPSULE [ADVANZ PHARMA (US) CORP.]; url=https://dailymed.nlm.nih.gov/dailymed/drugInfo.cfm?setid=d12de43e-3ac3-4335-bc85-70d7366a91eb",05-15-2026,d12de43e-3ac3-4335-bc85-70d7366a91eb,"Oct 03, 2025",ZONEGRAN (ZONISAMIDE) CAPSULE [ADVANZ PHARMA (US) CORP.],https://dailymed.nlm.nih.gov/dailymed/drugInfo.cfm?setid=d12de43e-3ac3-4335-bc85-70d7366a91eb,,,zonegran; zonisamide; Desizon; Zonisade,2e4628f652ce3c3f93c3cd1aadb2bba04203f648bc70f0e6d35c5b54d3cd3878
