generic_name,label,pmid,title,active_rate_percent,placebo_rate_percent,differential_percent,dose_or_regimen,endpoint,included_in_csv_summary,extraction_status,audit_note,pubmed_url
brivaracetam,Yu2026,42092987,"Efficacy and safety of Brivaracetam as an adjunctive therapy in patients with focal-onset seizures: a phase III, multi-center, randomized, double-blind, placebo-controlled trial.",11.11,2.27,8.84,BRV 200 mg/day,seizure freedom during 12-week treatment,yes,differential_extracted,Abstract reports 10/90 (11.11%) BRV vs 2/88 (2.27%) placebo.,https://pubmed.ncbi.nlm.nih.gov/42092987/
brivaracetam,Inoue2024,38576178,"Efficacy, safety, and tolerability of adjunctive brivaracetam in adult Asian patients with uncontrolled focal-onset seizures: A phase III randomized, double-blind, placebo-controlled trial.",6.8,0.0,6.8,BRV 200 mg/day,seizure-free during treatment period,yes,differential_extracted,Highest BRV arm in abstract: 6.8% with 200 mg/day vs 0% placebo.,https://pubmed.ncbi.nlm.nih.gov/38576178/
brivaracetam,Bast2022,35844134,Efficacy and tolerability of brivaracetam monotherapy in childhood and juvenile absence epilepsy: An innovative adaptive trial design.,,,,,,no,reviewed_no_extractable_differential,"Seizure-free status is part of the adaptive design, but the abstract does not report active and placebo seizure-freedom rates.",https://pubmed.ncbi.nlm.nih.gov/35844134/
brivaracetam,Klein2015,26471380,"A randomized, double-blind, placebo-controlled, multicenter, parallel-group study to evaluate the efficacy and safety of adjunctive brivaracetam in adult patients with uncontrolled partial-onset seizures.",,,,,,no,not_reported_in_pubmed_record,No seizure-freedom patient-rate language found in the PubMed title/abstract.,https://pubmed.ncbi.nlm.nih.gov/26471380/
brivaracetam,Biton2013,24446953,"Brivaracetam as adjunctive treatment for uncontrolled partial epilepsy in adults: a phase III randomized, double-blind, placebo-controlled trial.",,,,,,no,not_reported_in_pubmed_record,No seizure-freedom patient-rate language found in the PubMed title/abstract.,https://pubmed.ncbi.nlm.nih.gov/24446953/
brivaracetam,Ryvlin2013,24256083,"Adjunctive brivaracetam in adults with uncontrolled focal epilepsy: results from a double-blind, randomized, placebo-controlled trial.",4.0,0.0,4.0,BRV 100 mg/day,complete seizure freedom,yes,differential_extracted,Highest BRV arm in abstract: 4/100 on 100 mg/day vs 0/100 placebo.,https://pubmed.ncbi.nlm.nih.gov/24256083/
brivaracetam,VanPaesschen2012,22813235,"Efficacy and tolerability of adjunctive brivaracetam in adults with uncontrolled partial-onset seizures: a phase IIb, randomized, controlled trial.",,,,,,no,not_reported_in_pubmed_record,No seizure-freedom patient-rate language found in the PubMed title/abstract.,https://pubmed.ncbi.nlm.nih.gov/22813235/
brivaracetam,French2010,20592253,"Adjunctive brivaracetam for refractory partial-onset seizures: a randomized, controlled trial.",7.7,1.9,5.8,BRV 50 mg/day,POS seizure freedom during 7-week treatment,yes,differential_extracted,Highest BRV arm in abstract: 7.7% with 50 mg/day vs 1.9% placebo.,https://pubmed.ncbi.nlm.nih.gov/20592253/
cannabidiol,OBrien2022,35802375,Adjunctive Transdermal Cannabidiol for Adults With Focal Epilepsy: A Randomized Clinical Trial.,,,,,,no,not_reported_in_pubmed_record,No seizure-freedom patient-rate language found in the PubMed title/abstract.,https://pubmed.ncbi.nlm.nih.gov/35802375/
cannabidiol,Thiele2021,33346789,Add-on Cannabidiol Treatment for Drug-Resistant Seizures in Tuberous Sclerosis Complex: A Placebo-Controlled Randomized Clinical Trial.,,,,,,no,not_reported_in_pubmed_record,No seizure-freedom patient-rate language found in the PubMed title/abstract.,https://pubmed.ncbi.nlm.nih.gov/33346789/
cannabidiol,Devinsky2018b,29768152,Effect of Cannabidiol on Drop Seizures in the Lennox-Gastaut Syndrome.,,,,,,no,not_reported_in_pubmed_record,No seizure-freedom patient-rate language found in the PubMed title/abstract.,https://pubmed.ncbi.nlm.nih.gov/29768152/
cannabidiol,Devinsky2018,29540584,"Randomized, dose-ranging safety trial of cannabidiol in Dravet syndrome.",,,,,,no,not_reported_in_pubmed_record,No seizure-freedom patient-rate language found in the PubMed title/abstract.,https://pubmed.ncbi.nlm.nih.gov/29540584/
cannabidiol,Thiele2018,29395273,"Cannabidiol in patients with seizures associated with Lennox-Gastaut syndrome (GWPCARE4): a randomised, double-blind, placebo-controlled phase 3 trial.",,,,,,no,not_reported_in_pubmed_record,No seizure-freedom patient-rate language found in the PubMed title/abstract.,https://pubmed.ncbi.nlm.nih.gov/29395273/
cannabidiol,Devinsky2017,28538134,Trial of Cannabidiol for Drug-Resistant Seizures in the Dravet Syndrome.,5.0,0.0,5.0,cannabidiol 20 mg/kg/day,became seizure-free,yes,differential_extracted,Abstract reports 5% cannabidiol vs 0% placebo in Dravet syndrome.,https://pubmed.ncbi.nlm.nih.gov/28538134/
carbamazepine,Sobaniec2004,15156070,"A multicenter, placebo-controlled, double-blind study of efficacy of a new form of carbamazepine (Carbatrol) in refractory epileptic patients.",,,,,,no,not_reported_in_pubmed_record,No seizure-freedom patient-rate language found in the PubMed title/abstract.,https://pubmed.ncbi.nlm.nih.gov/15156070/
cenobamate,Lee2025,41144696,"A randomized, double-blind, placebo-controlled, multicenter study to evaluate the efficacy and safety of adjunctive cenobamate in Asian patients with focal seizures.",52.4,2.6,49.8,cenobamate 400 mg/day,seizure-free during maintenance phase,yes,differential_extracted,Highest cenobamate arm in abstract: 52.4% with 400 mg/day vs 2.6% placebo.,https://pubmed.ncbi.nlm.nih.gov/41144696/
cenobamate,Chung2020,32409485,Randomized phase 2 study of adjunctive cenobamate in patients with uncontrolled focal seizures.,28.3,8.8,19.5,cenobamate 200 mg/day,seizure-free during maintenance,yes,differential_extracted,Abstract reports 28.3% cenobamate vs 8.8% placebo.,https://pubmed.ncbi.nlm.nih.gov/32409485/
cenobamate,Vossler2020,32313503,"Remarkably High Efficacy of Cenobamate in Adults With Focal-Onset Seizures: A Double-Blind, Randomized, Placebo-Controlled Trial.",,,,,,no,not_reported_in_pubmed_record,No seizure-freedom patient-rate language found in the PubMed title/abstract.,https://pubmed.ncbi.nlm.nih.gov/32313503/
cenobamate,Krauss2019,31734103,"Safety and efficacy of adjunctive cenobamate (YKP3089) in patients with uncontrolled focal seizures: a multicentre, double-blind, randomised, placebo-controlled, dose-response trial.",,,,,,no,reviewed_no_extractable_differential,Seizure freedom is mentioned as background need; no active/placebo seizure-free rates are reported in the abstract.,https://pubmed.ncbi.nlm.nih.gov/31734103/
clobazam,Ng2011,21956725,"Randomized, phase III study results of clobazam in Lennox-Gastaut syndrome.",,,,,,no,not_reported_in_pubmed_record,No seizure-freedom patient-rate language found in the PubMed title/abstract.,https://pubmed.ncbi.nlm.nih.gov/21956725/
clonazepam,Navarro2015,26627366,"Prehospital treatment with levetiracetam plus clonazepam or placebo plus clonazepam in status epilepticus (SAMUKeppra): a randomised, double-blind, phase 3 trial.",,,,,,no,reviewed_no_extractable_differential,"Both arms received clonazepam; the abstract reports convulsion cessation after adding levetiracetam or placebo, not a placebo-controlled clonazepam seizure-freedom differential.",https://pubmed.ncbi.nlm.nih.gov/26627366/
clonazepam,Dahlin2000,10714402,Reduction of epileptiform activity in response to low-dose clonazepam in children with epilepsy: a randomized double-blind study.,,,,,,no,not_reported_in_pubmed_record,No seizure-freedom patient-rate language found in the PubMed title/abstract.,https://pubmed.ncbi.nlm.nih.gov/10714402/
diazepam,vanTuijl2021,33465768,Treatment with Diazepam in Acute Stroke Prevents Poststroke Seizures: A Substudy of the EGASIS Trial.,,,,,,no,not_reported_in_pubmed_record,No seizure-freedom patient-rate language found in the PubMed title/abstract.,https://pubmed.ncbi.nlm.nih.gov/33465768/
diazepam,Cereghino1998,9818845,Treating repetitive seizures with a rectal diazepam formulation: a randomized study. The North American Diastat Study Group.,55.0,34.0,21.0,single caregiver-administered rectal diazepam dose,seizure free post-treatment,yes,differential_extracted,Abstract reports 55% Diastat vs 34% placebo post-treatment.,https://pubmed.ncbi.nlm.nih.gov/9818845/
diazepam,Uhari1995,7776115,Effect of acetaminophen and of low intermittent doses of diazepam on prevention of recurrences of febrile seizures.,,,,,,no,not_reported_in_pubmed_record,No seizure-freedom patient-rate language found in the PubMed title/abstract.,https://pubmed.ncbi.nlm.nih.gov/7776115/
diazepam,Rosman1993,8510706,A controlled trial of diazepam administered during febrile illnesses to prevent recurrence of febrile seizures.,,,,,,no,not_reported_in_pubmed_record,No seizure-freedom patient-rate language found in the PubMed title/abstract.,https://pubmed.ncbi.nlm.nih.gov/8510706/
diazepam,Autret1990,2202804,"Double-blind, randomized trial of diazepam versus placebo for prevention of recurrence of febrile seizures.",,,,,,no,not_reported_in_pubmed_record,No seizure-freedom patient-rate language found in the PubMed title/abstract.,https://pubmed.ncbi.nlm.nih.gov/2202804/
eslicarbazepine acetate,Koepp2026,41722592,"Safety and efficacy of eslicarbazepine acetate for seizure prevention in patients with stroke at high risk of developing post-stroke epilepsy: a proof-of-concept, phase 2a, randomised, double-blind, placebo-controlled antiepileptogenesis trial.",,,,,,no,not_reported_in_pubmed_record,No seizure-freedom patient-rate language found in the PubMed title/abstract.,https://pubmed.ncbi.nlm.nih.gov/41722592/
eslicarbazepine acetate,Kirkham2020,32151803,"Efficacy and safety of eslicarbazepine acetate as adjunctive therapy for refractory focal-onset seizures in children: A double-blind, randomized, placebo-controlled, parallel-group, multicenter, phase-III clinical trial.",,,,,,no,not_reported_in_pubmed_record,No seizure-freedom patient-rate language found in the PubMed title/abstract.,https://pubmed.ncbi.nlm.nih.gov/32151803/
eslicarbazepine acetate,Mintzer2018,29499473,Effects of adjunctive eslicarbazepine acetate on serum lipids in patients with partial-onset seizures: Impact of concomitant statins and enzyme-inducing antiepileptic drugs.,,,,,,no,not_reported_in_pubmed_record,No seizure-freedom patient-rate language found in the PubMed title/abstract.,https://pubmed.ncbi.nlm.nih.gov/29499473/
eslicarbazepine acetate,Sperling2014,25528898,"Eslicarbazepine acetate as adjunctive therapy in patients with uncontrolled partial-onset seizures: Results of a phase III, double-blind, randomized, placebo-controlled trial.",,,,,,no,not_reported_in_pubmed_record,No seizure-freedom patient-rate language found in the PubMed title/abstract.,https://pubmed.ncbi.nlm.nih.gov/25528898/
eslicarbazepine acetate,Elger2009,19243424,"Efficacy and safety of eslicarbazepine acetate as adjunctive treatment in adults with refractory partial-onset seizures: a randomized, double-blind, placebo-controlled, parallel-group phase III study.",,,,,,no,not_reported_in_pubmed_record,No seizure-freedom patient-rate language found in the PubMed title/abstract.,https://pubmed.ncbi.nlm.nih.gov/19243424/
eslicarbazepine acetate,Elger2007,17319919,"Eslicarbazepine acetate: a double-blind, add-on, placebo-controlled exploratory trial in adult patients with partial-onset seizures.",,,,,,no,reviewed_no_extractable_differential,"Abstract reports 24% seizure-free in active QD/BID groups but does not state the placebo seizure-free percentage, so a differential cannot be calculated.",https://pubmed.ncbi.nlm.nih.gov/17319919/
everolimus,French2016,27613521,"Adjunctive everolimus therapy for treatment-resistant focal-onset seizures associated with tuberous sclerosis (EXIST-3): a phase 3, randomised, double-blind, placebo-controlled study.",,,,,,no,not_reported_in_pubmed_record,No seizure-freedom patient-rate language found in the PubMed title/abstract.,https://pubmed.ncbi.nlm.nih.gov/27613521/
ezogabine,Lim2016,27376872,"Efficacy and safety of retigabine/ezogabine as adjunctive therapy in adult Asian patients with drug-resistant partial-onset seizures: A randomized, placebo-controlled Phase III study.",,,,,,no,not_reported_in_pubmed_record,No seizure-freedom patient-rate language found in the PubMed title/abstract.,https://pubmed.ncbi.nlm.nih.gov/27376872/
ezogabine,French2011,21451152,"Randomized, double-blind, placebo-controlled trial of ezogabine (retigabine) in partial epilepsy.",,,,,,no,not_reported_in_pubmed_record,No seizure-freedom patient-rate language found in the PubMed title/abstract.,https://pubmed.ncbi.nlm.nih.gov/21451152/
ezogabine,Porter2007,17420403,"Randomized, multicenter, dose-ranging trial of retigabine for partial-onset seizures.",,,,,,no,not_reported_in_pubmed_record,No seizure-freedom patient-rate language found in the PubMed title/abstract.,https://pubmed.ncbi.nlm.nih.gov/17420403/
felbamate,Bourgeois1993,8469324,Felbamate: a double-blind controlled trial in patients undergoing presurgical evaluation of partial seizures.,,,,,,no,not_reported_in_pubmed_record,No seizure-freedom patient-rate language found in the PubMed title/abstract.,https://pubmed.ncbi.nlm.nih.gov/8469324/
felbamate,Leppik1991,1944909,Felbamate for partial seizures: results of a controlled clinical trial.,,,,,,no,not_reported_in_pubmed_record,No seizure-freedom patient-rate language found in the PubMed title/abstract.,https://pubmed.ncbi.nlm.nih.gov/1944909/
felbamate,Theodore1991,2044501,Felbamate: a clinical trial for complex partial seizures.,,,,,,no,not_reported_in_pubmed_record,No seizure-freedom patient-rate language found in the PubMed title/abstract.,https://pubmed.ncbi.nlm.nih.gov/2044501/
fenfluramine,Sullivan2023,37543865,"Fenfluramine in the treatment of Dravet syndrome: Results of a third randomized, placebo-controlled clinical trial.",,,,,,no,reviewed_no_extractable_differential,"Abstract reports longest seizure-free interval, not seizure-free patient percentages.",https://pubmed.ncbi.nlm.nih.gov/37543865/
fenfluramine,Knupp2022,35499850,Efficacy and Safety of Fenfluramine for the Treatment of Seizures Associated With Lennox-Gastaut Syndrome: A Randomized Clinical Trial.,,,,,,no,not_reported_in_pubmed_record,No seizure-freedom patient-rate language found in the PubMed title/abstract.,https://pubmed.ncbi.nlm.nih.gov/35499850/
fenfluramine,Sullivan2021,33540241,Fenfluramine responder analyses and numbers needed to treat: Translating epilepsy trial data into clinical practice.,,,,,,no,not_reported_in_pubmed_record,No seizure-freedom patient-rate language found in the PubMed title/abstract.,https://pubmed.ncbi.nlm.nih.gov/33540241/
fenfluramine,Nabbout2020,31790543,Fenfluramine for Treatment-Resistant Seizures in Patients With Dravet Syndrome Receiving Stiripentol-Inclusive Regimens: A Randomized Clinical Trial.,,,,,,no,reviewed_no_extractable_differential,"Abstract reports longest seizure-free interval, not seizure-free patient percentages.",https://pubmed.ncbi.nlm.nih.gov/31790543/
fenfluramine,Lagae2019,31862249,"Fenfluramine hydrochloride for the treatment of seizures in Dravet syndrome: a randomised, double-blind, placebo-controlled trial.",,,,,,no,not_reported_in_pubmed_record,No seizure-freedom patient-rate language found in the PubMed title/abstract.,https://pubmed.ncbi.nlm.nih.gov/31862249/
fosphenytoin,Gwer2013,24135012,Fosphenytoin for seizure prevention in childhood coma in Africa: a randomized clinical trial.,,,,,,no,not_reported_in_pubmed_record,No seizure-freedom patient-rate language found in the PubMed title/abstract.,https://pubmed.ncbi.nlm.nih.gov/24135012/
gabapentin,Yamauchi2006,16884455,"Treatment of partial seizures with gabapentin: double-blind, placebo-controlled, parallel-group study.",,,,,,no,not_reported_in_pubmed_record,No seizure-freedom patient-rate language found in the PubMed title/abstract.,https://pubmed.ncbi.nlm.nih.gov/16884455/
gabapentin,Zhu2005,15774213,[Curative effect of gabapentin on refractory epilepsy].,,,,,,no,not_reported_in_pubmed_record,No seizure-freedom patient-rate language found in the PubMed title/abstract.,https://pubmed.ncbi.nlm.nih.gov/15774213/
gabapentin,Appleton1999,10448830,"Gabapentin as add-on therapy in children with refractory partial seizures: a 12-week, multicentre, double-blind, placebo-controlled study. Gabapentin Paediatric Study Group.",,,,,,no,reviewed_no_extractable_differential,Abstract reports 3 gabapentin and 1 placebo patient seizure-free but does not report arm denominators or percentages in the abstract.,https://pubmed.ncbi.nlm.nih.gov/10448830/
gabapentin,Leach1997,9120451,"Gabapentin and cognition: a double blind, dose ranging, placebo controlled study in refractory epilepsy.",,,,,,no,not_reported_in_pubmed_record,No seizure-freedom patient-rate language found in the PubMed title/abstract.,https://pubmed.ncbi.nlm.nih.gov/9120451/
gabapentin,Trudeau1996,9120226,"Gabapentin in naive childhood absence epilepsy: results from two double-blind, placebo-controlled, multicenter studies.",,,,,,no,not_reported_in_pubmed_record,No seizure-freedom patient-rate language found in the PubMed title/abstract.,https://pubmed.ncbi.nlm.nih.gov/9120226/
gabapentin,Dimond1996,8771597,Effect of gabapentin (Neurontin) [corrected] on mood and well-being in patients with epilepsy.,,,,,,no,not_reported_in_pubmed_record,No seizure-freedom patient-rate language found in the PubMed title/abstract.,https://pubmed.ncbi.nlm.nih.gov/8771597/
gabapentin,BenMenachem1995,8536677,Seizure frequency and CSF parameters in a double-blind placebo controlled trial of gabapentin in patients with intractable complex partial seizures.,,,,,,no,not_reported_in_pubmed_record,No seizure-freedom patient-rate language found in the PubMed title/abstract.,https://pubmed.ncbi.nlm.nih.gov/8536677/
gabapentin,Anhut1994,8082624,"Gabapentin (Neurontin) as add-on therapy in patients with partial seizures: a double-blind, placebo-controlled study. The International Gabapentin Study Group.",,,,,,no,not_reported_in_pubmed_record,No seizure-freedom patient-rate language found in the PubMed title/abstract.,https://pubmed.ncbi.nlm.nih.gov/8082624/
gabapentin,PMID1993,8232945,"Gabapentin as add-on therapy in refractory partial epilepsy: a double-blind, placebo-controlled, parallel-group study. The US Gabapentin Study Group No. 5.",,,,,,no,not_reported_in_pubmed_record,No seizure-freedom patient-rate language found in the PubMed title/abstract.,https://pubmed.ncbi.nlm.nih.gov/8232945/
gabapentin,Sivenius1991,1907907,Double-blind study of Gabapentin in the treatment of partial seizures.,,,,,,no,not_reported_in_pubmed_record,No seizure-freedom patient-rate language found in the PubMed title/abstract.,https://pubmed.ncbi.nlm.nih.gov/1907907/
ganaxolone,Downs2024,38959712,Effects of ganaxolone on non-seizure outcomes in CDKL5 Deficiency Disorder: Double-blind placebo-controlled randomized trial.,,,,,,no,not_reported_in_pubmed_record,No seizure-freedom patient-rate language found in the PubMed title/abstract.,https://pubmed.ncbi.nlm.nih.gov/38959712/
ganaxolone,Sullivan2023,36870093,"Phase 2, placebo-controlled clinical study of oral ganaxolone in PCDH19-clustering epilepsy.",,,,,,no,not_reported_in_pubmed_record,No seizure-freedom patient-rate language found in the PubMed title/abstract.,https://pubmed.ncbi.nlm.nih.gov/36870093/
ganaxolone,Sperling2017,28230252,"Randomized, double-blind, placebo-controlled phase 2 study of ganaxolone as add-on therapy in adults with uncontrolled partial-onset seizures.",,,,,,no,reviewed_no_extractable_differential,"Seizure-free days is listed as an endpoint, but the abstract does not report a seizure-free patient rate.",https://pubmed.ncbi.nlm.nih.gov/28230252/
lacosamide,Vossler2020,32817358,"Efficacy and safety of adjunctive lacosamide in the treatment of primary generalised tonic-clonic seizures: a double-blind, randomised, placebo-controlled trial.",31.3,17.2,14.1,lacosamide up to 12 mg/kg/day or 400 mg/day,Kaplan-Meier estimated freedom from PGTCS at day 166,yes,differential_extracted,Abstract reports 31.3% lacosamide vs 17.2% placebo; observed treatment-period freedom was 27.5% vs 13.2%.,https://pubmed.ncbi.nlm.nih.gov/32817358/
lacosamide,FoldvarySchaefer2017,28866338,Wake up to sleep: The effects of lacosamide on daytime sleepiness in adults with epilepsy.,,,,,,no,not_reported_in_pubmed_record,No seizure-freedom patient-rate language found in the PubMed title/abstract.,https://pubmed.ncbi.nlm.nih.gov/28866338/
lacosamide,Hong2016,27669155,"Efficacy and safety of adjunctive lacosamide for the treatment of partial-onset seizures in Chinese and Japanese adults: A randomized, double-blind, placebo-controlled study.",,,,,,no,reviewed_no_extractable_differential,Abstract states seizure-freedom rates were higher with lacosamide than placebo but does not report numeric rates.,https://pubmed.ncbi.nlm.nih.gov/27669155/
lacosamide,Rudd2015,25933358,Lacosamide cardiac safety: clinical trials in patients with partial-onset seizures.,,,,,,no,not_reported_in_pubmed_record,No seizure-freedom patient-rate language found in the PubMed title/abstract.,https://pubmed.ncbi.nlm.nih.gov/25933358/
lacosamide,Chung2010,20132285,Lacosamide as adjunctive therapy for partial-onset seizures: a randomized controlled trial.,,,,,,no,not_reported_in_pubmed_record,No seizure-freedom patient-rate language found in the PubMed title/abstract.,https://pubmed.ncbi.nlm.nih.gov/20132285/
lacosamide,Halasz2009,19183227,Adjunctive lacosamide for partial-onset seizures: Efficacy and safety results from a randomized controlled trial.,,,,,,no,not_reported_in_pubmed_record,No seizure-freedom patient-rate language found in the PubMed title/abstract.,https://pubmed.ncbi.nlm.nih.gov/19183227/
lamotrigine,Biton2010,20937567,"Adjunctive lamotrigine XR for primary generalized tonic-clonic seizures in a randomized, placebo-controlled study.",,,,,,no,not_reported_in_pubmed_record,No seizure-freedom patient-rate language found in the PubMed title/abstract.,https://pubmed.ncbi.nlm.nih.gov/20937567/
lamotrigine,Ettinger2006,17071141,Effect of lamotrigine on depressive symptoms in adult patients with epilepsy.,,,,,,no,not_reported_in_pubmed_record,No seizure-freedom patient-rate language found in the PubMed title/abstract.,https://pubmed.ncbi.nlm.nih.gov/17071141/
lamotrigine,Pressler2006,16717207,Effect of lamotrigine on cognition in children with epilepsy.,,,,,,no,not_reported_in_pubmed_record,No seizure-freedom patient-rate language found in the PubMed title/abstract.,https://pubmed.ncbi.nlm.nih.gov/16717207/
lamotrigine,Biton2005,16344515,"Double-blind, placebo-controlled study of lamotrigine in primary generalized tonic-clonic seizures.",,,,,,no,not_reported_in_pubmed_record,No seizure-freedom patient-rate language found in the PubMed title/abstract.,https://pubmed.ncbi.nlm.nih.gov/16344515/
lamotrigine,Duchowny1999,10563619,A placebo-controlled trial of lamotrigine add-on therapy for partial seizures in children. Lamictal Pediatric Partial Seizure Study Group.,,,,,,no,not_reported_in_pubmed_record,No seizure-freedom patient-rate language found in the PubMed title/abstract.,https://pubmed.ncbi.nlm.nih.gov/10563619/
lamotrigine,Beran1998,9860069,"Double-blind, placebo-controlled, crossover study of lamotrigine in treatment-resistant generalised epilepsy.",,,,,,no,reviewed_no_extractable_differential,"Seizure-free count is reported for open-label follow-up, not the double-blind placebo-controlled period.",https://pubmed.ncbi.nlm.nih.gov/9860069/
lamotrigine,Eriksson1998,9596201,"The efficacy of lamotrigine in children and adolescents with refractory generalized epilepsy: a randomized, double-blind, crossover study.",,,,,,no,not_reported_in_pubmed_record,No seizure-freedom patient-rate language found in the PubMed title/abstract.,https://pubmed.ncbi.nlm.nih.gov/9596201/
lamotrigine,Boas1996,8937535,Controlled trial of lamotrigine (Lamictal) for treatment-resistant partial seizures.,,,,,,no,not_reported_in_pubmed_record,No seizure-freedom patient-rate language found in the PubMed title/abstract.,https://pubmed.ncbi.nlm.nih.gov/8937535/
lamotrigine,Matsuo1996,8814098,"Lamotrigine high-dose tolerability and safety in patients with epilepsy: a double-blind, placebo-controlled, eleven-week study.",,,,,,no,not_reported_in_pubmed_record,No seizure-freedom patient-rate language found in the PubMed title/abstract.,https://pubmed.ncbi.nlm.nih.gov/8814098/
lamotrigine,Messenheimer1994,8112232,"Lamotrigine therapy for partial seizures: a multicenter, placebo-controlled, double-blind, cross-over trial.",,,,,,no,not_reported_in_pubmed_record,No seizure-freedom patient-rate language found in the PubMed title/abstract.,https://pubmed.ncbi.nlm.nih.gov/8112232/
lamotrigine,Schapel1993,8505632,"Double-blind, placebo controlled, crossover study of lamotrigine in treatment resistant partial seizures.",,,,,,no,not_reported_in_pubmed_record,No seizure-freedom patient-rate language found in the PubMed title/abstract.,https://pubmed.ncbi.nlm.nih.gov/8505632/
lamotrigine,Loiseau1990,2127016,A randomised double-blind placebo-controlled crossover add-on trial of lamotrigine in patients with treatment-resistant partial seizures.,,,,,,no,not_reported_in_pubmed_record,No seizure-freedom patient-rate language found in the PubMed title/abstract.,https://pubmed.ncbi.nlm.nih.gov/2127016/
lamotrigine,Sander1990,2272345,A randomised double-blind placebo-controlled add-on trial of lamotrigine in patients with severe epilepsy.,,,,,,no,not_reported_in_pubmed_record,No seizure-freedom patient-rate language found in the PubMed title/abstract.,https://pubmed.ncbi.nlm.nih.gov/2272345/
lamotrigine,Jawad1986,3530305,"The effect of lamotrigine, a novel anticonvulsant, on interictal spikes in patients with epilepsy.",,,,,,no,not_reported_in_pubmed_record,No seizure-freedom patient-rate language found in the PubMed title/abstract.,https://pubmed.ncbi.nlm.nih.gov/3530305/
levetiracetam,PeterDerex2022,35963261,"Safety and efficacy of prophylactic levetiracetam for prevention of epileptic seizures in the acute phase of intracerebral haemorrhage (PEACH): a randomised, double-blind, placebo-controlled, phase 3 trial.",,,,,,no,reviewed_no_extractable_differential,"Prophylaxis trial reports seizure occurrence in the first 72 hours, not an epilepsy-treatment seizure-free patient endpoint for CSV roll-up.",https://pubmed.ncbi.nlm.nih.gov/35963261/
levetiracetam,Wu2018,30525116,"Adjunctive levetiracetam in the treatment of Chinese and Japanese adults with generalized tonic-clonic seizures: A double-blind, randomized, placebo-controlled trial.",29.6,3.1,26.5,LEV 1000-3000 mg/day,freedom from GTC seizures during evaluation period,yes,differential_extracted,Abstract reports 29.6% LEV vs 3.1% placebo.,https://pubmed.ncbi.nlm.nih.gov/30525116/
levetiracetam,Navarro2015,26627366,"Prehospital treatment with levetiracetam plus clonazepam or placebo plus clonazepam in status epilepticus (SAMUKeppra): a randomised, double-blind, phase 3 trial.",,,,,,no,reviewed_no_extractable_differential,"Status epilepticus trial reports acute convulsion cessation, not seizure freedom; active arm was levetiracetam plus clonazepam vs placebo plus clonazepam.",https://pubmed.ncbi.nlm.nih.gov/26627366/
levetiracetam,Larsson2012,22494796,The effect of levetiracetam on focal nocturnal epileptiform activity during sleep--a placebo-controlled double-blind cross-over study.,,,,,,no,not_reported_in_pubmed_record,No seizure-freedom patient-rate language found in the PubMed title/abstract.,https://pubmed.ncbi.nlm.nih.gov/22494796/
levetiracetam,Fattore2011,21320119,"A multicenter, randomized, placebo-controlled trial of levetiracetam in children and adolescents with newly diagnosed absence epilepsy.",18.4,0.0,18.4,LEV up to 30 mg/kg/day,free from clinical and EEG seizures during last 4 days,yes,differential_extracted,Abstract reports 18.4% LEV vs 0% placebo.,https://pubmed.ncbi.nlm.nih.gov/21320119/
levetiracetam,Peltola2009,19317886,"Once-daily extended-release levetiracetam as adjunctive treatment of partial-onset seizures in patients with epilepsy: a double-blind, randomized, placebo-controlled trial.",10.1,1.3,8.8,LEV XR 1000 mg/day,free of partial-onset seizures during 12-week treatment,yes,differential_extracted,Abstract reports 10.1% LEV XR vs 1.3% placebo.,https://pubmed.ncbi.nlm.nih.gov/19317886/
levetiracetam,Wu2008,18657175,"Multicenter double-blind, randomized, placebo-controlled trial of levetiracetam as add-on therapy in Chinese patients with refractory partial-onset seizures.",10.8,2.0,8.8,LEV 1000-3000 mg/day,freedom from partial-onset seizures during treatment,yes,differential_extracted,Abstract reports 10.8% LEV vs 2.0% placebo.,https://pubmed.ncbi.nlm.nih.gov/18657175/
levetiracetam,Berkovic2007,17625106,Placebo-controlled study of levetiracetam in idiopathic generalized epilepsy.,34.2,10.7,23.5,adjunctive LEV,free of GTC seizures during evaluation period,yes,differential_extracted,Abstract reports 34.2% LEV vs 10.7% placebo for GTC seizure freedom; all-seizure freedom was 24.1% vs 8.3%.,https://pubmed.ncbi.nlm.nih.gov/17625106/
levetiracetam,Glauser2006,16641323,Double-blind placebo-controlled trial of adjunctive levetiracetam in pediatric partial seizures.,6.9,1.0,5.9,pediatric adjunctive LEV,seizure-free during entire double-blind period,yes,differential_extracted,Abstract reports 7/101 (6.9%) LEV vs 1/97 (1.0%) placebo.,https://pubmed.ncbi.nlm.nih.gov/16641323/
levetiracetam,Tsai2006,16417534,"Efficacy and safety of levetiracetam (up to 2000 mg/day) in Taiwanese patients with refractory partial seizures: a multicenter, randomized, double-blind, placebo-controlled study.",,,,,,no,not_reported_in_pubmed_record,No seizure-freedom patient-rate language found in the PubMed title/abstract.,https://pubmed.ncbi.nlm.nih.gov/16417534/
levetiracetam,Boon2002,11823112,Dose-response effect of levetiracetam 1000 and 2000 mg/day in partial epilepsy.,6.3,1.2,5.1,LEV 2000 mg/day,seizure-free during corresponding evaluation period,yes,differential_extracted,Highest reported arm in abstract: 6.3% with 2000 mg/day vs 1.2% placebo.,https://pubmed.ncbi.nlm.nih.gov/11823112/
levetiracetam,BenMenachem2000,11051122,"Efficacy and tolerability of levetiracetam 3000 mg/d in patients with refractory partial seizures: a multicenter, double-blind, responder-selected study evaluating monotherapy. European Levetiracetam Study Group.",,,,,,no,reviewed_no_extractable_differential,Abstract reports seizure-free patients during responder-selected monotherapy conversion but no placebo seizure-free rate.,https://pubmed.ncbi.nlm.nih.gov/11051122/
levetiracetam,Shorvon2000,10999557,"Multicenter double-blind, randomized, placebo-controlled trial of levetiracetam as add-on therapy in patients with refractory partial seizures. European Levetiracetam Study Group.",,,,,,no,not_reported_in_pubmed_record,No seizure-freedom patient-rate language found in the PubMed title/abstract.,https://pubmed.ncbi.nlm.nih.gov/10999557/
levetiracetam,Cereghino2000,10908898,"Levetiracetam for partial seizures: results of a double-blind, randomized clinical trial.",5.5,0.0,5.5,LEV 1000 and 3000 mg/day active arms aggregated,became seizure free,no,aggregate_active_arms_not_summarized,"Abstract reports 11/199 active patients vs 0 placebo, but does not give a 3000 mg/day arm-specific seizure-free rate.",https://pubmed.ncbi.nlm.nih.gov/10908898/
levetiracetam,Betts2000,10845730,"A multicentre, double-blind, randomized, parallel group study to evaluate the tolerability and efficacy of two oral doses of levetiracetam, 2000 mg daily and 4000 mg daily, without titration in patients with refractory epilepsy.",,,,,,no,not_reported_in_pubmed_record,No seizure-freedom patient-rate language found in the PubMed title/abstract.,https://pubmed.ncbi.nlm.nih.gov/10845730/
lorazepam,Walker1984,6378615,Lorazepam: a controlled trial in patients with intractable partial complex seizures.,,,,,,no,not_reported_in_pubmed_record,No seizure-freedom patient-rate language found in the PubMed title/abstract.,https://pubmed.ncbi.nlm.nih.gov/6378615/
midazolam,Spencer2020,33140403,"Safety and efficacy of midazolam nasal spray for the treatment of intermittent bouts of increased seizure activity in the epilepsy monitoring unit: A double-blind, randomized, placebo-controlled trial.",54.8,38.7,16.1,midazolam nasal spray 5 mg,seizure-free for 6 hours after treatment,yes,differential_extracted,Abstract reports 54.8% MDZ-NS vs 38.7% placebo.,https://pubmed.ncbi.nlm.nih.gov/33140403/
midazolam,Detyniecki2019,31140596,"Safety and efficacy of midazolam nasal spray in the outpatient treatment of patients with seizure clusters-a randomized, double-blind, placebo-controlled trial.",,,,,,no,not_reported_in_pubmed_record,No seizure-freedom patient-rate language found in the PubMed title/abstract.,https://pubmed.ncbi.nlm.nih.gov/31140596/
oxcarbazepine,French2013,24359313,Efficacy and safety of extended-release oxcarbazepine (Oxtellar XR™) as adjunctive therapy in patients with refractory partial-onset seizures: a randomized controlled trial.,11.4,3.3,8.1,extended-release oxcarbazepine 2400 mg/day,16-week seizure-free rate,yes,differential_extracted,Highest active arm in abstract: 11.4% with 2400 mg/day vs 3.3% placebo.,https://pubmed.ncbi.nlm.nih.gov/24359313/
oxcarbazepine,Barcs2000,11114219,"Oxcarbazepine placebo-controlled, dose-ranging trial in refractory partial epilepsy.",,,,,,no,not_reported_in_pubmed_record,No seizure-freedom patient-rate language found in the PubMed title/abstract.,https://pubmed.ncbi.nlm.nih.gov/11114219/
oxcarbazepine,Cramer1999,10599817,Oxcarbazepine in a monotherapy trial for partial seizures--placebo-controlled studies in neurology: where do they stop?,,,,,,no,not_reported_in_pubmed_record,No seizure-freedom patient-rate language found in the PubMed title/abstract.,https://pubmed.ncbi.nlm.nih.gov/10599817/
oxcarbazepine,Schachter1999b,10599816,Oxcarbazepine in a monotherapy trial for partial seizures--placebo-controlled studies in neurology: where do they stop?,,,,,,no,not_reported_in_pubmed_record,No seizure-freedom patient-rate language found in the PubMed title/abstract.,https://pubmed.ncbi.nlm.nih.gov/10599816/
oxcarbazepine,Schachter1999,10078718,"Oxcarbazepine: double-blind, randomized, placebo-control, monotherapy trial for partial seizures.",,,,,,no,not_reported_in_pubmed_record,No seizure-freedom patient-rate language found in the PubMed title/abstract.,https://pubmed.ncbi.nlm.nih.gov/10078718/
perampanel,Vossler2024,39576191,Efficacy and safety of perampanel in patients with seizures associated with Lennox-Gastaut syndrome: A randomized trial.,,,,,,no,reviewed_no_extractable_differential,"Seizure-freedom rates are listed as key secondary endpoints, but numeric rates are not reported in the abstract.",https://pubmed.ncbi.nlm.nih.gov/39576191/
perampanel,Nishida2017,29250772,"Adjunctive perampanel in partial-onset seizures: Asia-Pacific, randomized phase III study.",,,,,,no,reviewed_no_extractable_differential,"Seizure freedom is listed as an endpoint, but numeric rates are not reported in the abstract.",https://pubmed.ncbi.nlm.nih.gov/29250772/
perampanel,Lagae2016,27221398,"Adjunctive perampanel in adolescents with inadequately controlled partial-onset seizures: A randomized study evaluating behavior, efficacy, and safety.",,,,,,no,not_reported_in_pubmed_record,No seizure-freedom patient-rate language found in the PubMed title/abstract.,https://pubmed.ncbi.nlm.nih.gov/27221398/
perampanel,French2015,26296511,Perampanel for tonic-clonic seizures in idiopathic generalized epilepsy A randomized trial.,30.9,12.3,18.6,adjunctive perampanel for PGTC seizures,PGTC seizure freedom during maintenance,yes,differential_extracted,Abstract reports 30.9% perampanel vs 12.3% placebo.,https://pubmed.ncbi.nlm.nih.gov/26296511/
perampanel,Belousova2014,25345628,"[Perampanel in treatment of refractory partial epilepsy in adolescents and adults: results of international multicenter randomized, double-blind, placebo-controlled phase III studies].",,,,,,no,reviewed_no_extractable_differential,Seizure freedom is background text; no active/placebo seizure-free rates are reported.,https://pubmed.ncbi.nlm.nih.gov/25345628/
perampanel,French2012b,22905857,Evaluation of adjunctive perampanel in patients with refractory partial-onset seizures: results of randomized global phase III study 305.,,,,,,no,not_reported_in_pubmed_record,No seizure-freedom patient-rate language found in the PubMed title/abstract.,https://pubmed.ncbi.nlm.nih.gov/22905857/
perampanel,French2012,22843280,Adjunctive perampanel for refractory partial-onset seizures: randomized phase III study 304.,,,,,,no,not_reported_in_pubmed_record,No seizure-freedom patient-rate language found in the PubMed title/abstract.,https://pubmed.ncbi.nlm.nih.gov/22843280/
perampanel,Krauss2012,22517103,Randomized phase III study 306: adjunctive perampanel for refractory partial-onset seizures.,,,,,,no,not_reported_in_pubmed_record,No seizure-freedom patient-rate language found in the PubMed title/abstract.,https://pubmed.ncbi.nlm.nih.gov/22517103/
phenobarbital,Takami2019,30954360,"Efficacy of phenobarbital for benign convulsions with mild gastroenteritis: A randomized, placebo-controlled trial.",,,,,,no,not_reported_in_pubmed_record,No seizure-freedom patient-rate language found in the PubMed title/abstract.,https://pubmed.ncbi.nlm.nih.gov/30954360/
phenobarbital,Crawley2000,10703801,"Effect of phenobarbital on seizure frequency and mortality in childhood cerebral malaria: a randomised, controlled intervention study.",,,,,,no,not_reported_in_pubmed_record,No seizure-freedom patient-rate language found in the PubMed title/abstract.,https://pubmed.ncbi.nlm.nih.gov/10703801/
phenobarbital,Bacon1981,6116084,Placebo-controlled study of phenobarbitone and phenytoin in the prophylaxis of febrile convulsions.,,,,,,no,not_reported_in_pubmed_record,No seizure-freedom patient-rate language found in the PubMed title/abstract.,https://pubmed.ncbi.nlm.nih.gov/6116084/
phenytoin,Young2004,15039684,"A randomized, double-blinded, placebo-controlled trial of phenytoin for the prevention of early posttraumatic seizures in children with moderate to severe blunt head injury.",93.5,94.6,-1.1,early posttraumatic seizure prophylaxis,posttraumatic seizure-free during 48-hour observation,no,prophylaxis_event_rate_not_summarized,Derived from abstract counts: 3/46 phenytoin and 3/56 placebo had seizures. This prophylaxis endpoint is reported in the audit but not rolled into the ASM seizure-freedom summary.,https://pubmed.ncbi.nlm.nih.gov/15039684/
phenytoin,DeSantis2002,11903465,Add-on phenytoin fails to prevent early seizures after surgery for supratentorial brain tumors: a randomized controlled study.,,,,,,no,not_reported_in_pubmed_record,No seizure-freedom patient-rate language found in the PubMed title/abstract.,https://pubmed.ncbi.nlm.nih.gov/11903465/
phenytoin,Dikmen1991,1995974,Neurobehavioral effects of phenytoin prophylaxis of posttraumatic seizures.,,,,,,no,not_reported_in_pubmed_record,No seizure-freedom patient-rate language found in the PubMed title/abstract.,https://pubmed.ncbi.nlm.nih.gov/1995974/
phenytoin,Temkin1990,2115976,"A randomized, double-blind study of phenytoin for the prevention of post-traumatic seizures.",,,,,,no,not_reported_in_pubmed_record,No seizure-freedom patient-rate language found in the PubMed title/abstract.,https://pubmed.ncbi.nlm.nih.gov/2115976/
phenytoin,Bacon1981,6116084,Placebo-controlled study of phenobarbitone and phenytoin in the prophylaxis of febrile convulsions.,,,,,,no,not_reported_in_pubmed_record,No seizure-freedom patient-rate language found in the PubMed title/abstract.,https://pubmed.ncbi.nlm.nih.gov/6116084/
phenytoin,North1980,6101843,Postoperative epilepsy: a double-blind trial of phenytoin after craniotomy.,,,,,,no,not_reported_in_pubmed_record,No seizure-freedom patient-rate language found in the PubMed title/abstract.,https://pubmed.ncbi.nlm.nih.gov/6101843/
piracetam,Koskiniemi1998,9527146,"Piracetam relieves symptoms in progressive myoclonus epilepsy: a multicentre, randomised, double blind, crossover study comparing the efficacy and safety of three dosages of oral piracetam with placebo.",,,,,,no,not_reported_in_pubmed_record,No seizure-freedom patient-rate language found in the PubMed title/abstract.,https://pubmed.ncbi.nlm.nih.gov/9527146/
pregabalin,Driscoll2021,34033265,"Pregabalin as adjunctive therapy in adult and pediatric patients with generalized tonic-clonic seizures: A randomized, placebo-controlled trial.",,,,,,no,not_reported_in_pubmed_record,No seizure-freedom patient-rate language found in the PubMed title/abstract.,https://pubmed.ncbi.nlm.nih.gov/34033265/
pregabalin,Mann2020,32189338,"Pregabalin adjunctive therapy for focal onset seizures in children 1 month to <4 years of age: A double-blind, placebo-controlled, video-electroencephalographic trial.",,,,,,no,not_reported_in_pubmed_record,No seizure-freedom patient-rate language found in the PubMed title/abstract.,https://pubmed.ncbi.nlm.nih.gov/32189338/
pregabalin,Antinew2019,30688135,Pregabalin as Adjunctive Treatment for Focal Onset Seizures in Pediatric Patients: A Randomized Controlled Trial.,,,,,,no,not_reported_in_pubmed_record,No seizure-freedom patient-rate language found in the PubMed title/abstract.,https://pubmed.ncbi.nlm.nih.gov/30688135/
pregabalin,French2014b,24962242,"Adjunctive use of controlled-release pregabalin in adults with treatment-resistant partial seizures: a double-blind, randomized, placebo-controlled trial.",,,,,,no,not_reported_in_pubmed_record,No seizure-freedom patient-rate language found in the PubMed title/abstract.,https://pubmed.ncbi.nlm.nih.gov/24962242/
pregabalin,French2014,24415567,Pregabalin monotherapy in patients with partial-onset seizures: a historical-controlled trial.,,,,,,no,reviewed_no_extractable_differential,Historical-control monotherapy study reports active seizure-free counts but has no placebo arm percentage for differential calculation.,https://pubmed.ncbi.nlm.nih.gov/24415567/
pregabalin,Elger2005,16393158,"Pregabalin add-on treatment in patients with partial seizures: a novel evaluation of flexible-dose and fixed-dose treatment in a double-blind, placebo-controlled study.",,,,,,no,reviewed_no_extractable_differential,"Seizure-free interval is part of trial design/dose adjustment, not a reported active/placebo seizure-free outcome.",https://pubmed.ncbi.nlm.nih.gov/16393158/
pregabalin,Arroyo2004,14692903,"Pregabalin add-on treatment: a randomized, double-blind, placebo-controlled, dose-response study in adults with partial seizures.",,,,,,no,not_reported_in_pubmed_record,No seizure-freedom patient-rate language found in the PubMed title/abstract.,https://pubmed.ncbi.nlm.nih.gov/14692903/
pregabalin,French2003,12771254,Dose-response trial of pregabalin adjunctive therapy in patients with partial seizures.,,,,,,no,not_reported_in_pubmed_record,No seizure-freedom patient-rate language found in the PubMed title/abstract.,https://pubmed.ncbi.nlm.nih.gov/12771254/
progabide,MartinezLage1984,6383790,Progabide treatment in severe epilepsy: a double-blind cross-over trial versus placebo.,,,,,,no,not_reported_in_pubmed_record,No seizure-freedom patient-rate language found in the PubMed title/abstract.,https://pubmed.ncbi.nlm.nih.gov/6383790/
progabide,Dam1983,6403342,Progabide: a controlled trial in partial epilepsy.,,,,,,no,not_reported_in_pubmed_record,No seizure-freedom patient-rate language found in the PubMed title/abstract.,https://pubmed.ncbi.nlm.nih.gov/6403342/
rufinamide,Ohtsuka2014,25219353,Rufinamide as an adjunctive therapy for Lennox-Gastaut syndrome: a randomized double-blind placebo-controlled trial in Japan.,,,,,,no,not_reported_in_pubmed_record,No seizure-freedom patient-rate language found in the PubMed title/abstract.,https://pubmed.ncbi.nlm.nih.gov/25219353/
rufinamide,Biton2010,20887365,"A randomized, double-blind, placebo-controlled, parallel-group study of rufinamide as adjunctive therapy for refractory partial-onset seizures.",,,,,,no,not_reported_in_pubmed_record,No seizure-freedom patient-rate language found in the PubMed title/abstract.,https://pubmed.ncbi.nlm.nih.gov/20887365/
rufinamide,Elger2010,20061123,"A 24-week multicenter, randomized, double-blind, parallel-group, dose-ranging study of rufinamide in adults and adolescents with inadequately controlled partial seizures.",,,,,,no,not_reported_in_pubmed_record,No seizure-freedom patient-rate language found in the PubMed title/abstract.,https://pubmed.ncbi.nlm.nih.gov/20061123/
rufinamide,Brodie2009,19490053,Rufinamide for the adjunctive treatment of partial seizures in adults and adolescents: a randomized placebo-controlled trial.,,,,,,no,not_reported_in_pubmed_record,No seizure-freedom patient-rate language found in the PubMed title/abstract.,https://pubmed.ncbi.nlm.nih.gov/19490053/
rufinamide,Palhagen2001,11164700,"Rufinamide: a double-blind, placebo-controlled proof of principle trial in patients with epilepsy.",,,,,,no,not_reported_in_pubmed_record,No seizure-freedom patient-rate language found in the PubMed title/abstract.,https://pubmed.ncbi.nlm.nih.gov/11164700/
seletracetam,KasteleijnNolstTrenite2025,39827675,"A multicenter Phase II randomized, placebo-controlled single-blind trial with the SV2A ligand seletracetam in photosensitive epilepsy patients.",,,,,,no,not_reported_in_pubmed_record,No seizure-freedom patient-rate language found in the PubMed title/abstract.,https://pubmed.ncbi.nlm.nih.gov/39827675/
sodium valproate,McGuire1988,3130256,Effects of sodium valproate on haem biosynthesis in man: implications for seizure management in the porphyric patient.,,,,,,no,not_reported_in_pubmed_record,No seizure-freedom patient-rate language found in the PubMed title/abstract.,https://pubmed.ncbi.nlm.nih.gov/3130256/
sodium valproate,Richens1975,1104059,Controlled trial of sodium valproate in severe epilepsy.,,,,,,no,not_reported_in_pubmed_record,No seizure-freedom patient-rate language found in the PubMed title/abstract.,https://pubmed.ncbi.nlm.nih.gov/1104059/
stiripentol,Guerrini2024,38722572,"Additional Results from Two Randomized, Placebo-Controlled Trials of Stiripentol in Dravet Syndrome Highlight a Rapid Antiseizure Efficacy with Longer Seizure-Free Periods.",38.0,0.0,38.0,stiripentol add-on to clobazam/valproate,free of GTCS,yes,differential_extracted,Abstract reports 38% stiripentol vs 0% placebo free of GTCS.,https://pubmed.ncbi.nlm.nih.gov/38722572/
stiripentol,Nabbout2020,31790543,Fenfluramine for Treatment-Resistant Seizures in Patients With Dravet Syndrome Receiving Stiripentol-Inclusive Regimens: A Randomized Clinical Trial.,,,,,,no,reviewed_no_extractable_differential,"Fenfluramine RCT reports longest seizure-free interval, not a stiripentol active/placebo seizure-free patient percentage.",https://pubmed.ncbi.nlm.nih.gov/31790543/
stiripentol,Chiron2006,16948934,Stiripentol in childhood partial epilepsy: randomized placebo-controlled trial with enrichment and withdrawal design.,,,,,,no,not_reported_in_pubmed_record,No seizure-freedom patient-rate language found in the PubMed title/abstract.,https://pubmed.ncbi.nlm.nih.gov/16948934/
stiripentol,Chiron2000,11089822,Stiripentol in severe myoclonic epilepsy in infancy: a randomised placebo-controlled syndrome-dedicated trial. STICLO study group.,42.9,0.0,42.9,stiripentol add-on to valproate and clobazam,free of clonic or tonic-clonic seizures,yes,differential_extracted,Abstract reports 9/21 (42.9%) stiripentol vs none on placebo.,https://pubmed.ncbi.nlm.nih.gov/11089822/
sultiame,Rating2000,11051123,"Sulthiame as monotherapy in children with benign childhood epilepsy with centrotemporal spikes: a 6-month randomized, double-blind, placebo-controlled study. Sulthiame Study Group.",,,,,,no,not_reported_in_pubmed_record,No seizure-freedom patient-rate language found in the PubMed title/abstract.,https://pubmed.ncbi.nlm.nih.gov/11051123/
tiagabine,Kalviainen1998,9551842,"A double-blind, placebo-controlled trial of tiagabine given three-times daily as add-on therapy for refractory partial seizures. Northern European Tiagabine Study Group.",,,,,,no,reviewed_no_extractable_differential,"Abstract reports increased days free of partial seizures, not seizure-free patient percentages.",https://pubmed.ncbi.nlm.nih.gov/9551842/
tiagabine,Uthman1998,9443711,"Tiagabine for complex partial seizures: a randomized, add-on, dose-response trial.",,,,,,no,not_reported_in_pubmed_record,No seizure-freedom patient-rate language found in the PubMed title/abstract.,https://pubmed.ncbi.nlm.nih.gov/9443711/
tiagabine,Richens1995,7641674,Adjunctive treatment of partial seizures with tiagabine: a placebo-controlled trial.,,,,,,no,not_reported_in_pubmed_record,No seizure-freedom patient-rate language found in the PubMed title/abstract.,https://pubmed.ncbi.nlm.nih.gov/7641674/
tiagabine,Sveinbjornsdottir1994,8044451,"Neuropsychological effects of tiagabine, a potential new antiepileptic drug.",,,,,,no,not_reported_in_pubmed_record,No seizure-freedom patient-rate language found in the PubMed title/abstract.,https://pubmed.ncbi.nlm.nih.gov/8044451/
topiramate,Novotny2010,20089937,Randomized trial of adjunctive topiramate therapy in infants with refractory partial seizures.,,,,,,no,not_reported_in_pubmed_record,No seizure-freedom patient-rate language found in the PubMed title/abstract.,https://pubmed.ncbi.nlm.nih.gov/20089937/
topiramate,Yen2000,10999555,"A double-blind, placebo-controlled study of topiramate in adult patients with refractory partial epilepsy.",,,,,,no,not_reported_in_pubmed_record,No seizure-freedom patient-rate language found in the PubMed title/abstract.,https://pubmed.ncbi.nlm.nih.gov/10999555/
topiramate,Sachdeo1999,10371538,"A double-blind, randomized trial of topiramate in Lennox-Gastaut syndrome. Topiramate YL Study Group.",,,,,,no,not_reported_in_pubmed_record,No seizure-freedom patient-rate language found in the PubMed title/abstract.,https://pubmed.ncbi.nlm.nih.gov/10371538/
topiramate,Elterman1999,10227615,"A double-blind, randomized trial of topiramate as adjunctive therapy for partial-onset seizures in children. Topiramate YP Study Group.",,,,,,no,not_reported_in_pubmed_record,No seizure-freedom patient-rate language found in the PubMed title/abstract.,https://pubmed.ncbi.nlm.nih.gov/10227615/
topiramate,Biton1999,10227614,"A randomized, placebo-controlled study of topiramate in primary generalized tonic-clonic seizures. Topiramate YTC Study Group.",,,,,,no,not_reported_in_pubmed_record,No seizure-freedom patient-rate language found in the PubMed title/abstract.,https://pubmed.ncbi.nlm.nih.gov/10227614/
topiramate,Faught1997,9092954,Efficacy of topiramate as adjunctive therapy in refractory partial seizures: United States trial experience.,,,,,,no,not_reported_in_pubmed_record,No seizure-freedom patient-rate language found in the PubMed title/abstract.,https://pubmed.ncbi.nlm.nih.gov/9092954/
topiramate,Sharief1996,8956919,"Double-blind, placebo-controlled study of topiramate in patients with refractory partial epilepsy.",,,,,,no,not_reported_in_pubmed_record,No seizure-freedom patient-rate language found in the PubMed title/abstract.,https://pubmed.ncbi.nlm.nih.gov/8956919/
topiramate,Tassinari1996,8764816,"Double-blind, placebo-controlled trial of topiramate (600 mg daily) for the treatment of refractory partial epilepsy.",,,,,,no,not_reported_in_pubmed_record,No seizure-freedom patient-rate language found in the PubMed title/abstract.,https://pubmed.ncbi.nlm.nih.gov/8764816/
topiramate,Faught1996,8649570,"Topiramate placebo-controlled dose-ranging trial in refractory partial epilepsy using 200-, 400-, and 600-mg daily dosages. Topiramate YD Study Group.",,,,,,no,not_reported_in_pubmed_record,No seizure-freedom patient-rate language found in the PubMed title/abstract.,https://pubmed.ncbi.nlm.nih.gov/8649570/
topiramate,Privitera1996,8649569,"Topiramate placebo-controlled dose-ranging trial in refractory partial epilepsy using 600-, 800-, and 1,000-mg daily dosages. Topiramate YE Study Group.",,,,,,no,not_reported_in_pubmed_record,No seizure-freedom patient-rate language found in the PubMed title/abstract.,https://pubmed.ncbi.nlm.nih.gov/8649569/
topiramate,BenMenachem1996,8641230,"Double-blind, placebo-controlled trial of topiramate as add-on therapy in patients with refractory partial seizures.",,,,,,no,reviewed_no_extractable_differential,"Abstract reports 75-100% seizure reduction, not complete seizure freedom.",https://pubmed.ncbi.nlm.nih.gov/8641230/
valproic acid,Sharshar2023,36624526,Valproic acid as adjuvant treatment for convulsive status epilepticus: a randomised clinical trial.,,,,,,no,not_reported_in_pubmed_record,No seizure-freedom patient-rate language found in the PubMed title/abstract.,https://pubmed.ncbi.nlm.nih.gov/36624526/
vigabatrin,Kalita2025,41500178,Safety and efficacy of vigabatrin add on compared to placebo in Lennox-Gastaut syndrome (LennoVig): A single center randomized double-blind placebo-controlled trial.,,,,,,no,reviewed_no_extractable_differential,"Abstract reports seizure-free days, not seizure-free patient percentages.",https://pubmed.ncbi.nlm.nih.gov/41500178/
vigabatrin,Bebin2023,37638552,Early Treatment with Vigabatrin Does Not Decrease Focal Seizures or Improve Cognition in Tuberous Sclerosis Complex: The PREVeNT Trial.,,,,,,no,not_reported_in_pubmed_record,No seizure-freedom patient-rate language found in the PubMed title/abstract.,https://pubmed.ncbi.nlm.nih.gov/37638552/
vigabatrin,Bruni2000,10777431,"Vigabatrin as add-on therapy for adult complex partial seizures: a double-blind, placebo-controlled multicentre study. The Canadian Vigabatrin Study Group.",,,,,,no,not_reported_in_pubmed_record,No seizure-freedom patient-rate language found in the PubMed title/abstract.,https://pubmed.ncbi.nlm.nih.gov/10777431/
vigabatrin,Appleton1999,10565592,"Randomised, placebo-controlled study of vigabatrin as first-line treatment of infantile spasms.",35.0,10.0,25.0,vigabatrin first-line infantile-spasm treatment,spasm-free on final day of double-blind period,yes,differential_extracted,Abstract reports 7/20 (35%) vigabatrin vs 2/20 (10%) placebo.,https://pubmed.ncbi.nlm.nih.gov/10565592/
vigabatrin,Beran1996,8952010,"A double-blind, placebo-controlled crossover study of vigabatrin 2 g/day and 3 g/day in uncontrolled partial seizures.",,,,,,no,not_reported_in_pubmed_record,No seizure-freedom patient-rate language found in the PubMed title/abstract.,https://pubmed.ncbi.nlm.nih.gov/8952010/
vigabatrin,Grunewald1994,8089668,Effects of vigabatrin on partial seizures and cognitive function.,,,,,,no,not_reported_in_pubmed_record,No seizure-freedom patient-rate language found in the PubMed title/abstract.,https://pubmed.ncbi.nlm.nih.gov/8089668/
vigabatrin,Jackson1994,7957035,Quantitative MR relaxometry study of effects of vigabatrin on the brains of patients with epilepsy.,,,,,,no,not_reported_in_pubmed_record,No seizure-freedom patient-rate language found in the PubMed title/abstract.,https://pubmed.ncbi.nlm.nih.gov/7957035/
vigabatrin,Gillham1993,8270925,Effect of vigabatrin on sedation and cognitive function in patients with refractory epilepsy.,,,,,,no,not_reported_in_pubmed_record,No seizure-freedom patient-rate language found in the PubMed title/abstract.,https://pubmed.ncbi.nlm.nih.gov/8270925/
vigabatrin,PMID1992,1483856,"Single-blind, placebo-controlled multicenter trial of vigabatrin in the treatment of epilepsy. The Italian Study Group on Vigabatrin.",,,,,,no,not_reported_in_pubmed_record,No seizure-freedom patient-rate language found in the PubMed title/abstract.,https://pubmed.ncbi.nlm.nih.gov/1483856/
vigabatrin,Cosi1989,2757911,Effects of vigabatrin on evoked potentials in epileptic patients.,,,,,,no,not_reported_in_pubmed_record,No seizure-freedom patient-rate language found in the PubMed title/abstract.,https://pubmed.ncbi.nlm.nih.gov/2757911/
vigabatrin,Cosi1988,3130253,"Effect of vigabatrin (gamma-vinyl-GABA) on visual, brainstem auditory and somatosensory evoked potentials in epileptic patients.",,,,,,no,not_reported_in_pubmed_record,No seizure-freedom patient-rate language found in the PubMed title/abstract.,https://pubmed.ncbi.nlm.nih.gov/3130253/
vigabatrin,Tassinari1987,2887152,Double-blind study of vigabatrin in the treatment of drug-resistant epilepsy.,,,,,,no,not_reported_in_pubmed_record,No seizure-freedom patient-rate language found in the PubMed title/abstract.,https://pubmed.ncbi.nlm.nih.gov/2887152/
vigabatrin,Tartara1986,3536469,"Vigabatrin in the treatment of epilepsy: a double-blind, placebo-controlled study.",,,,,,no,not_reported_in_pubmed_record,No seizure-freedom patient-rate language found in the PubMed title/abstract.,https://pubmed.ncbi.nlm.nih.gov/3536469/
vigabatrin,Loiseau1986,3514204,"Double-blind, placebo-controlled study of vigabatrin (gamma-vinyl GABA) in drug-resistant epilepsy.",,,,,,no,not_reported_in_pubmed_record,No seizure-freedom patient-rate language found in the PubMed title/abstract.,https://pubmed.ncbi.nlm.nih.gov/3514204/
vigabatrin,Rimmer1984,6141335,Double-blind study of gamma-vinyl GABA in patients with refractory epilepsy.,,,,,,no,not_reported_in_pubmed_record,No seizure-freedom patient-rate language found in the PubMed title/abstract.,https://pubmed.ncbi.nlm.nih.gov/6141335/
zonisamide,Guerrini2013,23837461,A randomized phase III trial of adjunctive zonisamide in pediatric patients with partial epilepsy.,,,,,,no,not_reported_in_pubmed_record,No seizure-freedom patient-rate language found in the PubMed title/abstract.,https://pubmed.ncbi.nlm.nih.gov/23837461/
zonisamide,Lu2011,21166480,"Efficacy and safety of adjunctive zonisamide in adult patients with refractory partial-onset epilepsy: a randomized, double-blind, placebo-controlled trial.",,,,,,no,not_reported_in_pubmed_record,No seizure-freedom patient-rate language found in the PubMed title/abstract.,https://pubmed.ncbi.nlm.nih.gov/21166480/
zonisamide,Brodie2005,15660766,"Dose-dependent safety and efficacy of zonisamide: a randomized, double-blind, placebo-controlled study in patients with refractory partial seizures.",,,,,,no,not_reported_in_pubmed_record,No seizure-freedom patient-rate language found in the PubMed title/abstract.,https://pubmed.ncbi.nlm.nih.gov/15660766/
zonisamide,Sackellares2004,15144425,"Randomized, controlled clinical trial of zonisamide as adjunctive treatment for refractory partial seizures.",,,,,,no,not_reported_in_pubmed_record,No seizure-freedom patient-rate language found in the PubMed title/abstract.,https://pubmed.ncbi.nlm.nih.gov/15144425/
zonisamide,Faught2001,11723262,Randomized controlled trial of zonisamide for the treatment of refractory partial-onset seizures.,,,,,,no,not_reported_in_pubmed_record,No seizure-freedom patient-rate language found in the PubMed title/abstract.,https://pubmed.ncbi.nlm.nih.gov/11723262/
zonisamide,Schmidt1993,8325280,Zonisamide for add-on treatment of refractory partial epilepsy: a European double-blind trial.,,,,,,no,not_reported_in_pubmed_record,No seizure-freedom patient-rate language found in the PubMed title/abstract.,https://pubmed.ncbi.nlm.nih.gov/8325280/
